date,user_id,monthly_income,monthly_expense_total,savings_rate,budget_goal,financial_scenario,credit_score,debt_to_income_ratio,loan_payment,investment_amount,subscription_services,emergency_fund,transaction_count,fraud_flag,discretionary_spending,essential_spending,income_type,rent_or_mortgage,category,cash_flow_status,financial_advice_score,financial_stress_level,actual_savings,savings_goal_met,monthly_income_outlier_flag,monthly_expense_total_outlier_flag,savings_rate_outlier_flag,net_savings,year,month,discretionary_ratio,essential_ratio,expense_income_ratio
2020-02-25,1901,2733.95,2653.62,0.18,3020.08,inflation,677.0,0.58,365.7,725.23,6,657.65,89,0,495.89,1856.22,Freelance,906.49,Groceries,Positive,86.1,Low,80.33,0,0,0,0,80.32999999999993,2020,2,0.18687302628108018,0.6995048273678974,0.9706176045648238
2023-08-08,1809,1394.59,2700.13,0.11,2217.87,inflation,705.0,0.36,731.79,298.95,6,659.42,97,0,445.05,2832.5,Freelance,1047.74,Utilities,Positive,33.4,Medium,0.0,0,0,0,0,-1305.5400000000002,2023,8,0.16482539729568577,1.04902356553203,1.9361461074581061
2019-01-31,1374,3885.63,2852.55,0.09,2441.69,inflation,737.0,0.49,619.97,286.25,4,1245.93,76,0,738.47,1101.12,Freelance,1591.46,Entertainment,Negative,3.5,Low,1033.08,0,0,0,0,1033.08,2019,1,0.2588806506459133,0.3860125151180522,0.7341280564541658
2022-11-11,1219,5665.27,2858.91,0.1,2586.39,inflation,565.0,0.21,573.33,302.2,7,751.16,88,0,164.85,1000.0,Salary,794.15,Utilities,Negative,39.6,Medium,2806.36,1,0,0,0,2806.3600000000006,2022,11,0.05766183615433854,0.3497836588070279,0.5046379078137493
2022-08-13,1714,3742.93,2513.37,0.26,3179.15,inflation,643.0,0.52,318.37,38.54,5,1347.49,70,1,893.09,1517.47,Freelance,761.16,Entertainment,Positive,84.8,Low,1229.56,0,0,0,0,1229.56,2022,8,0.35533566486430573,0.6037590963527057,0.6714979975580628
2019-06-30,1480,7037.92,3079.11,0.06,2648.33,inflation,619.0,0.5,230.8,750.3,9,645.16,32,0,786.05,3387.77,Salary,1249.84,Insurance,Positive,1.0,High,3958.81,1,1,0,0,3958.81,2019,6,0.25528480632390527,1.1002432521085639,0.43750284174869847
2019-06-30,1517,6721.85,3545.71,0.11,2634.83,inflation,653.0,0.14,701.41,161.24,8,1926.65,57,0,618.06,1000.0,Salary,300.0,Transportation,Positive,26.3,Low,3176.14,1,1,0,0,3176.1400000000003,2019,6,0.17431205597750518,0.28203096135893796,0.5274901998705713
2022-05-15,1849,3239.67,3570.34,0.21,2562.68,inflation,645.0,0.42,255.5,976.25,4,594.96,42,0,528.08,2350.71,Salary,1057.01,Rent,Neutral,58.5,Medium,0.0,0,0,0,0,-330.6700000000001,2022,5,0.14790748220057473,0.6583994801615533,1.102069037895835
2021-07-19,1992,3643.48,2570.2,0.26,3177.48,inflation,748.0,0.57,611.68,222.07,3,1126.53,72,0,225.58,1338.37,Salary,1428.13,Insurance,Positive,32.3,Low,1073.28,0,0,0,0,1073.2800000000002,2021,7,0.08776748891136878,0.5207260135398023,0.7054244842842556
2021-10-17,1520,4404.16,3518.73,0.29,3380.32,inflation,694.0,0.13,432.02,214.42,8,1660.73,99,0,590.0,2905.03,Salary,1055.89,Healthcare,Neutral,25.4,Low,885.43,0,0,0,0,885.4299999999998,2021,10,0.1676741324284614,0.8255904829299208,0.7989559870667733
2022-11-11,1212,5144.22,1162.32,0.4,2116.16,inflation,752.0,0.26,394.54,680.59,2,1278.67,26,0,165.74,1999.85,Salary,1420.82,Investments,Positive,32.1,Low,3981.9,1,0,0,0,3981.9000000000005,2022,11,0.14259412210062636,1.7205674857182187,0.22594679076711335
2023-01-10,1462,3452.89,3373.56,0.34,3376.34,inflation,698.0,0.14,209.68,420.43,4,724.7,50,0,560.5,1408.65,Salary,1602.26,Education,Neutral,85.3,Low,79.33,0,0,0,0,79.32999999999993,2023,1,0.16614496259144643,0.4175559349767012,0.9770250427902424
2019-11-27,1551,4457.09,3930.75,0.13,3484.69,inflation,675.0,0.48,550.97,589.59,2,544.08,83,0,984.78,2305.8,Salary,897.5,Healthcare,Neutral,32.5,High,526.34,0,0,0,0,526.3400000000001,2019,11,0.2505323411562679,0.5866056096164854,0.8819094970036503
2021-05-20,1808,4352.97,3363.07,0.18,2907.32,inflation,752.0,0.59,385.0,254.44,3,1281.11,79,0,755.9,2622.08,Salary,2067.82,Utilities,Neutral,3.0,Low,989.9,0,0,0,0,989.9000000000001,2021,5,0.22476487257178707,0.7796685766279025,0.7725920463499634
2019-01-01,1153,4286.53,3065.76,0.07,2376.08,inflation,766.0,0.42,410.79,544.59,3,1378.15,45,0,0.0,1408.31,Mixed,1681.75,Investments,Positive,47.2,High,1220.77,0,0,0,0,1220.7699999999995,2019,1,0.0,0.4593673346902562,0.7152078721016767
2019-05-01,1707,4231.51,1897.87,0.31,2309.95,inflation,706.0,0.23,563.13,335.76,6,683.11,47,0,541.41,2889.97,Salary,923.25,Dining Out,Positive,78.8,Medium,2333.64,1,0,0,0,2333.6400000000003,2019,5,0.28527243699515775,1.522743918181962,0.4485089247100916
2021-11-16,1763,2574.9,3300.72,0.25,3085.71,inflation,649.0,0.25,695.49,241.65,8,1481.63,83,0,405.45,2482.99,Salary,1682.25,Dining Out,Neutral,25.8,Low,0.0,0,0,0,0,-725.8199999999997,2021,11,0.12283683559950556,0.7522570833030369,1.2818827915647208
2021-04-20,1047,4873.0,3477.82,0.24,3437.07,inflation,653.0,0.17,378.11,563.35,8,776.84,57,0,315.63,2119.93,Salary,1972.01,Investments,Positive,12.5,Medium,1395.18,0,0,0,0,1395.1799999999998,2021,4,0.09075512821250092,0.6095571363670345,0.7136917709829674
2021-12-16,1853,3462.58,3017.41,0.12,3034.22,inflation,699.0,0.42,652.12,303.09,6,591.44,37,0,609.52,2748.45,Mixed,1040.43,Groceries,Positive,89.0,Medium,445.17,0,0,0,0,445.1700000000001,2021,12,0.20200105388396009,0.9108639528602345,0.8714340174089841
2019-12-27,1511,2586.17,2534.03,0.09,2409.44,inflation,613.0,0.56,604.13,979.88,7,185.58,34,0,679.0,2078.09,Salary,1681.8,Healthcare,Positive,50.3,Medium,52.14,0,0,0,0,52.13999999999987,2019,12,0.26795262881654913,0.8200731640904014,0.9798389123684832
2022-09-12,1153,4839.76,2516.88,0.23,3283.88,inflation,657.0,0.22,443.67,614.24,2,604.23,28,0,900.06,1070.96,Salary,1084.68,Insurance,Positive,3.7,Low,2322.88,0,0,0,0,2322.88,2022,9,0.35760942118813766,0.42551095006516004,0.5200423161479082
2019-07-30,1311,3261.08,2935.4,0.05,2587.59,inflation,727.0,0.28,633.75,590.98,1,563.4,58,0,301.42,2158.86,Freelance,1193.31,Utilities,Positive,45.3,Low,325.68,0,0,0,0,325.67999999999984,2019,7,0.10268447230360428,0.7354568372283165,0.9001312448636648
2022-11-11,1516,4185.69,3291.93,0.31,2665.39,inflation,636.0,0.3,791.34,389.57,4,959.75,78,0,372.64,3316.95,Salary,1066.45,Rent,Neutral,4.8,Low,893.76,0,0,0,0,893.7599999999998,2022,11,0.11319803276497374,1.0076004046258578,0.7864724812396523
2021-08-18,1129,3913.95,3876.22,0.15,2955.47,inflation,691.0,0.5,624.62,399.92,6,1176.73,30,0,498.77,1838.49,Freelance,1460.22,Dining Out,Positive,4.1,Medium,37.73,0,0,0,0,37.73000000000002,2021,8,0.1286743270505802,0.47429970435114627,0.9903601221272628
2021-01-20,1462,3844.67,2516.9,0.39,3275.03,inflation,673.0,0.29,509.86,380.98,8,670.32,25,0,622.93,2642.72,Salary,916.63,Transportation,Negative,10.4,Medium,1327.77,0,0,0,0,1327.77,2021,1,0.24749890738607014,1.0499900671460922,0.654646562643868
2020-03-26,1874,4608.24,3625.17,0.06,2930.12,inflation,620.0,0.55,515.45,416.9,7,1164.02,48,0,51.5,1419.08,Salary,1110.61,Entertainment,Neutral,6.6,High,983.07,0,0,0,0,983.0699999999997,2020,3,0.014206230328508731,0.3914519870792266,0.7866712671215041
2022-11-11,1411,3879.76,1873.07,0.06,2399.13,inflation,744.0,0.15,210.98,233.22,3,572.47,43,0,577.82,1561.96,Mixed,1532.44,Dining Out,Positive,9.1,Medium,2006.69,0,0,0,0,2006.6900000000003,2022,11,0.3084882038578377,0.8339036982066874,0.4827798626719178
2023-08-08,1961,3422.26,3461.29,0.25,2636.77,inflation,658.0,0.18,802.82,481.17,6,1057.28,58,0,387.11,2462.29,Salary,878.44,Groceries,Negative,18.0,Medium,0.0,0,0,0,0,-39.029999999999745,2023,8,0.1118398053904758,0.7113792834463452,1.0114047442333427
2022-08-13,1655,4411.69,2921.08,0.39,2702.22,inflation,629.0,0.42,800.1,391.09,3,1538.68,24,0,346.55,2361.76,Salary,1306.63,Groceries,Positive,98.9,High,1490.61,0,0,0,0,1490.6099999999997,2022,8,0.1186376271789886,0.8085228751009902,0.6621226786106912
2022-04-15,1808,4148.47,3669.69,0.36,2487.54,inflation,720.0,0.32,369.29,45.38,8,2083.31,46,0,814.04,2672.96,Salary,1480.44,Dining Out,Negative,91.5,Low,478.78,0,0,0,0,478.7800000000002,2022,4,0.22182800182031723,0.7283885014810515,0.884588776102997
2021-01-20,1972,3254.1,3542.05,0.09,2932.3,inflation,614.0,0.14,341.82,152.04,3,939.15,49,1,654.42,2334.65,Salary,1040.13,Groceries,Negative,24.2,Medium,0.0,0,0,0,0,-287.9500000000003,2021,1,0.18475741449160796,0.6591239536426645,1.0884883685197138
2021-11-16,1260,3322.09,3557.36,0.11,2501.65,inflation,700.0,0.4,583.16,628.83,6,1535.07,48,0,996.56,2094.45,Salary,802.1,Groceries,Positive,94.5,Low,0.0,0,0,0,0,-235.26999999999998,2021,11,0.28014032878314254,0.5887652641284548,1.0708198754398586
2021-03-21,1464,4958.81,2126.0,0.22,3190.56,inflation,700.0,0.59,654.82,465.46,2,470.96,61,0,528.04,2718.4,Mixed,2217.06,Entertainment,Positive,95.2,Medium,2832.81,0,0,0,0,2832.8100000000004,2021,3,0.2483725305738476,1.2786453433678269,0.42873189333731276
2020-09-22,1655,3829.03,3488.95,0.21,3042.72,inflation,747.0,0.53,258.94,335.92,5,128.65,51,0,83.77,1744.86,Mixed,959.2,Investments,Positive,55.9,Low,340.08,0,0,0,0,340.0800000000004,2020,9,0.024010088995256453,0.5001103483856174,0.9111837723914411
2020-11-21,1491,1798.64,3894.69,0.17,3000.14,inflation,755.0,0.23,368.18,1292.3,5,1613.78,78,0,808.24,1903.94,Salary,1839.67,Insurance,Positive,77.4,High,0.0,0,0,0,0,-2096.05,2020,11,0.2075235769727501,0.48885533893583316,2.1653527109371526
2020-09-22,1941,3091.21,3412.58,0.27,2999.49,inflation,706.0,0.51,550.27,370.47,5,1697.6,32,0,153.41,2259.64,Salary,1726.89,Healthcare,Positive,49.4,High,0.0,0,0,0,0,-321.3699999999999,2020,9,0.044954257482608465,0.6621500448341138,1.1039625260011452
2023-02-09,1003,4031.86,2988.7,0.38,2297.4,inflation,724.0,0.47,841.49,361.1,6,1267.38,48,0,452.69,2539.89,Freelance,1670.69,Insurance,Positive,51.7,Low,1043.16,0,0,0,0,1043.1600000000003,2023,2,0.15146719309398737,0.8498310302138053,0.7412707782512289
2021-08-18,1408,3874.63,3996.49,0.27,3644.35,inflation,718.0,0.47,921.48,331.95,6,1723.08,59,0,296.01,2314.92,Salary,1702.48,Insurance,Neutral,76.1,Low,0.0,0,0,0,0,-121.85999999999967,2021,8,0.07406749422618347,0.5792382815920971,1.0314507449743588
2021-02-19,1869,3890.29,3315.21,0.33,2583.23,inflation,718.0,0.42,309.56,195.56,2,665.41,62,0,455.2,2062.29,Salary,930.38,Transportation,Positive,19.4,High,575.08,0,0,0,0,575.0799999999999,2021,2,0.1373065356342434,0.622069190187047,0.852175544753733
2019-11-27,1650,3256.31,4113.42,0.31,2881.28,inflation,665.0,0.58,137.77,334.65,9,1370.47,37,0,341.89,2869.74,Mixed,1251.95,Transportation,Negative,2.9,High,0.0,0,0,0,0,-857.1100000000001,2019,11,0.08311575282854655,0.6976530478288139,1.2632151115833568
2022-08-13,1812,4447.19,3332.54,0.27,3204.24,inflation,700.0,0.56,454.22,114.05,1,479.52,79,0,444.38,2825.77,Salary,834.39,Insurance,Negative,78.7,Medium,1114.65,0,0,0,0,1114.6499999999996,2022,8,0.13334573628523588,0.847932808008306,0.7493585837348978
2021-09-17,1313,3465.48,812.73,0.27,3439.43,inflation,723.0,0.17,366.48,438.91,1,472.66,71,0,704.15,3518.15,Freelance,753.28,Transportation,Positive,74.4,Medium,2652.75,0,0,1,0,2652.75,2021,9,0.8664008957464349,4.328805384321977,0.23452162470999688
2021-12-16,1699,3939.2,4184.22,0.29,2081.92,inflation,577.0,0.38,680.05,344.16,5,1769.05,79,0,416.59,2163.71,Salary,1352.37,Insurance,Positive,11.4,Low,0.0,0,0,0,0,-245.02000000000044,2021,12,0.0995621645133382,0.5171119109415853,1.0622004467912267
2023-05-10,1251,2695.8,3326.55,0.23,2571.33,inflation,646.0,0.28,727.66,386.36,5,375.45,72,0,705.95,2251.77,Salary,1244.96,Rent,Neutral,45.1,Low,0.0,0,0,0,0,-630.75,2023,5,0.21221686131277148,0.6769085088154394,1.233975072334743
2023-11-06,1582,4735.73,1392.36,0.18,2826.4,inflation,671.0,0.49,428.61,748.8,5,874.75,68,0,150.96,3448.23,Salary,1142.43,Rent,Neutral,96.6,Medium,3343.37,1,0,0,0,3343.37,2023,11,0.10842023614582437,2.476536240627424,0.2940116940788432
2019-03-02,1756,2931.2,3335.58,0.15,3004.14,inflation,691.0,0.24,971.82,0.0,5,1433.02,90,0,353.67,1504.56,Freelance,1097.82,Healthcare,Positive,58.8,Low,0.0,0,0,0,0,-404.3800000000001,2019,3,0.10602953609267354,0.4510639828755419,1.137957150655022
2023-01-10,1260,3710.47,3382.21,0.29,2221.05,inflation,676.0,0.4,458.11,461.35,5,998.14,31,0,668.39,1000.0,Salary,638.79,Rent,Positive,82.3,High,328.26,0,0,0,0,328.25999999999976,2023,1,0.1976193080855417,0.2956646689590534,0.9115314232428776
2022-04-15,1331,4275.82,2851.95,0.37,2554.44,inflation,642.0,0.41,344.75,196.22,4,855.83,98,0,740.56,2153.03,Freelance,1511.58,Utilities,Neutral,66.2,Low,1423.87,0,0,0,0,1423.87,2022,4,0.25966794649275055,0.754932589982293,0.6669948688204835
2021-02-19,1953,4001.32,4475.84,0.1,3499.12,inflation,722.0,0.32,520.58,355.72,2,2.95,62,0,434.63,3054.47,Salary,882.83,Insurance,Positive,51.1,Low,0.0,0,0,0,0,-474.52,2021,2,0.09710579466647601,0.6824350289554586,1.1185908650145453
2020-12-21,1270,2979.88,3909.91,0.28,2656.08,inflation,672.0,0.14,235.1,361.66,9,964.01,61,0,413.18,2763.88,Salary,1962.12,Investments,Neutral,97.7,Low,0.0,0,0,0,0,-930.0299999999997,2020,12,0.1056750666895146,0.7068909514541256,1.3121031719398095
2022-12-11,1030,4067.94,3821.36,0.34,2963.75,inflation,679.0,0.36,709.64,43.22,8,1087.31,78,0,65.61,2868.43,Freelance,1054.49,Groceries,Negative,38.9,Low,246.58,0,0,0,0,246.57999999999993,2022,12,0.0171692800468943,0.7506306655222224,0.9393845533611607
2019-05-31,1542,1596.51,2085.66,0.21,3378.62,inflation,742.0,0.57,302.47,432.82,1,932.31,54,0,381.53,1179.06,Freelance,1633.35,Healthcare,Positive,14.2,Medium,0.0,0,0,0,0,-489.14999999999986,2019,5,0.18293010366023224,0.565317453467967,1.3063870567675742
2022-05-15,1179,3052.14,2586.62,0.2,2530.32,inflation,709.0,0.36,405.98,85.53,6,837.85,41,0,598.99,2131.42,Freelance,1220.86,Dining Out,Positive,31.9,Low,465.52,0,0,0,0,465.52,2022,5,0.23157247682303547,0.8240174436136735,0.8474775075848421
2021-10-17,1302,4171.22,2548.5,0.38,2874.13,inflation,599.0,0.21,0.0,869.82,5,226.45,24,0,595.74,1633.11,Salary,646.15,Investments,Negative,9.4,Medium,1622.72,0,0,0,0,1622.7200000000003,2021,10,0.23376103590347264,0.6408122424955855,0.6109723294383896
2022-02-14,1401,3522.96,3828.39,0.05,3072.32,inflation,682.0,0.36,279.02,298.87,8,1881.79,45,0,302.61,1994.3,Salary,1237.43,Investments,Positive,61.9,Low,0.0,0,0,0,0,-305.42999999999984,2022,2,0.07904367109933942,0.520923939306079,1.0866969820832482
2022-10-12,1733,4598.99,4585.55,0.34,2286.21,inflation,662.0,0.25,834.16,503.72,3,858.3,40,0,507.65,2302.62,Salary,1101.72,Groceries,Neutral,58.7,Low,13.44,0,0,0,0,13.4399999999996,2022,10,0.1107064583310617,0.502146961651274,0.9970776192163933
2022-10-12,1339,3344.13,3264.27,0.1,2244.59,inflation,610.0,0.22,277.99,0.0,6,1079.64,27,0,387.0,2750.07,Salary,1111.73,Healthcare,Neutral,85.5,Medium,79.86,0,0,0,0,79.86000000000013,2022,10,0.11855636941797094,0.8424762657500758,0.9761193494272052
2023-04-10,1653,3297.83,2947.02,0.12,2899.12,inflation,700.0,0.39,835.27,404.3,2,877.6,38,0,636.56,3107.6,Salary,793.52,Groceries,Positive,39.0,Low,350.81,0,0,0,0,350.80999999999995,2023,4,0.216001248719045,1.0544889413712835,0.8936239891079892
2023-01-10,1578,4151.52,3116.6,0.22,2889.56,inflation,623.0,0.55,589.79,442.22,4,754.9,21,0,124.82,1781.24,Salary,529.5,Education,Positive,23.2,Medium,1034.92,0,0,0,0,1034.9200000000005,2023,1,0.04005005454662132,0.5715330809215171,0.7507129918680386
2020-02-25,1000,3381.06,2088.04,0.35,2127.41,inflation,616.0,0.52,914.31,271.64,9,1737.8,67,0,430.48,2091.79,Salary,1140.2,Rent,Positive,66.3,Low,1293.02,0,0,0,0,1293.02,2020,2,0.20616463286143946,1.0017959426064635,0.6175696379242013
2020-08-23,1545,4132.73,3577.41,0.38,1934.72,inflation,727.0,0.14,840.14,0.0,5,175.87,25,0,651.81,1960.84,Mixed,1303.56,Dining Out,Positive,46.3,Low,555.32,0,0,0,0,555.3199999999997,2020,8,0.18220164867879274,0.5481172132911799,0.8656287732322219
2023-11-06,1343,5797.88,4329.41,0.06,2497.18,inflation,600.0,0.23,423.71,97.52,5,1641.01,80,0,0.0,2625.18,Freelance,1061.48,Healthcare,Positive,25.6,Low,1468.47,0,0,0,0,1468.4700000000003,2023,11,0.0,0.6063597580270753,0.7467229401091433
2019-06-30,1305,2959.28,3246.62,0.28,2838.1,inflation,572.0,0.37,269.08,868.34,4,708.25,37,0,450.41,1668.53,Salary,688.08,Investments,Negative,27.3,Medium,0.0,0,0,0,0,-287.3399999999997,2019,6,0.13873197356019493,0.5139283316187296,1.0970979427428291
2023-01-10,1165,3229.95,2785.75,0.25,2757.98,inflation,628.0,0.56,259.25,449.76,4,934.02,26,0,647.72,1184.36,Salary,1162.68,Healthcare,Positive,88.8,Medium,444.2,0,0,0,0,444.1999999999998,2023,1,0.23251189087319393,0.42514942116126714,0.8624746513103918
2022-07-14,1035,3362.89,3047.81,0.35,2841.72,inflation,686.0,0.52,510.8,523.82,6,424.17,72,0,332.89,3136.8,Salary,1143.05,Transportation,Positive,16.2,Low,315.08,0,0,0,0,315.0799999999999,2022,7,0.10922268776596966,1.029198014311916,0.9063067778012365
2019-06-30,1215,3593.24,2719.12,0.17,2494.99,inflation,691.0,0.11,423.19,408.55,4,1712.98,95,0,321.14,2622.67,Salary,1012.76,Dining Out,Positive,70.5,Medium,874.12,0,0,0,0,874.1199999999999,2019,6,0.11810438671334844,0.9645289652534644,0.7567320858055683
2021-06-19,1220,4128.81,1695.2,0.25,3204.47,inflation,620.0,0.34,511.82,311.14,5,1266.15,48,0,881.72,1851.74,Salary,1728.87,Investments,Positive,90.3,Medium,2433.61,0,0,0,0,2433.6100000000006,2021,6,0.5201274185936763,1.0923430863614914,0.41057835066278175
2022-08-13,1560,4082.93,3438.61,0.16,2727.08,inflation,676.0,0.54,620.24,687.19,8,1156.6,49,0,415.21,2571.39,Salary,1240.75,Transportation,Positive,88.6,High,644.32,0,0,0,0,644.3199999999997,2022,8,0.12074937256624042,0.7477992560947592,0.8421917593492909
2022-03-16,1076,2408.45,3925.75,0.22,2359.19,inflation,631.0,0.13,529.17,596.36,9,1366.44,52,0,646.61,2148.69,Salary,1968.44,Transportation,Positive,14.0,Low,0.0,0,0,0,0,-1517.3000000000002,2022,3,0.16470992803922818,0.5473323568744826,1.6299902426872055
2021-11-16,1501,3893.02,3806.73,0.1,1665.95,inflation,718.0,0.14,763.87,756.29,7,1362.25,36,0,489.95,2046.04,Salary,630.11,Utilities,Positive,12.2,High,86.29,0,0,0,0,86.28999999999996,2021,11,0.1287062649570629,0.5374796741560341,0.9778346887506357
2020-03-26,1924,3314.49,2616.74,0.12,2834.98,inflation,668.0,0.12,906.75,1006.41,4,930.4,91,0,578.38,2802.85,Salary,664.43,Dining Out,Negative,90.7,Low,697.75,0,0,0,0,697.75,2020,3,0.22103074818285348,1.0711228475125538,0.7894849584702323
2019-09-28,1035,4483.58,3970.71,0.12,1672.27,inflation,661.0,0.18,190.4,209.18,6,747.42,71,0,431.81,2178.74,Salary,960.35,Rent,Negative,0.9,Low,512.87,0,0,0,0,512.8699999999999,2019,9,0.10874881318454382,0.5487028768154814,0.8856114979547594
2019-07-30,1236,4524.43,3708.33,0.16,3306.8,inflation,714.0,0.46,705.24,601.38,2,1114.45,67,0,506.18,1860.51,Salary,1577.19,Healthcare,Negative,22.1,Low,816.1,0,0,0,0,816.1000000000004,2019,7,0.13649810022301145,0.501711012773944,0.819623687403717
2023-10-07,1514,4197.9,2379.33,0.19,2995.86,inflation,657.0,0.31,735.43,222.66,1,1026.72,54,0,552.89,2730.31,Mixed,1060.23,Groceries,Positive,92.3,Medium,1818.57,0,0,0,0,1818.5699999999997,2023,10,0.2323721383750888,1.147512114754994,0.566790538126206
2023-01-10,1734,5461.23,2857.86,0.06,3539.62,inflation,773.0,0.3,470.75,480.29,9,353.31,91,0,599.11,2285.28,Salary,1804.51,Healthcare,Negative,64.5,High,2603.37,0,0,0,0,2603.3699999999994,2023,1,0.20963588139377015,0.7996472885305789,0.5232996962222797
2020-02-25,1521,4516.16,3683.37,0.31,1824.49,inflation,685.0,0.23,297.37,155.75,7,1878.64,42,0,440.47,1503.34,Salary,1362.81,Investments,Neutral,33.7,Low,832.79,0,0,0,0,832.79,2020,2,0.11958342496138048,0.40814254337739625,0.8155977644724722
2019-01-31,1774,5296.21,3338.49,0.32,2407.96,inflation,725.0,0.18,315.97,911.24,9,649.54,35,0,940.39,1386.12,Mixed,1469.31,Education,Negative,89.7,Low,1957.72,0,0,0,0,1957.7200000000003,2019,1,0.28168123912307663,0.4151936953532885,0.6303545365459451
2021-04-20,1372,3427.36,2559.47,0.39,3041.6,inflation,587.0,0.58,491.47,315.95,6,998.34,70,0,551.35,2810.04,Salary,1754.23,Dining Out,Positive,52.7,High,867.89,0,0,0,0,867.8900000000003,2021,4,0.21541569152988707,1.097899174438458,0.7467759441669389
2021-03-21,1998,6042.51,2246.36,0.05,2185.71,inflation,620.0,0.5,419.3,579.51,5,1513.09,22,0,383.93,1975.73,Salary,423.02,Dining Out,Positive,27.9,Medium,3796.15,1,0,0,0,3796.15,2021,3,0.17091205327730194,0.8795250983813814,0.37175941785781075
2022-05-15,1730,3988.94,2043.14,0.16,3685.66,inflation,626.0,0.17,741.49,495.19,1,631.24,70,0,285.31,2843.3,Salary,927.81,Groceries,Negative,25.3,Low,1945.8,0,0,0,0,1945.8,2022,5,0.13964290259110976,1.3916324872500172,0.5122012364186977
2021-02-19,1777,3194.54,3007.88,0.18,1507.83,inflation,687.0,0.49,325.07,215.27,7,1304.1,64,0,646.88,1600.71,Salary,451.76,Transportation,Neutral,42.4,Medium,186.66,0,0,0,0,186.65999999999985,2021,2,0.21506177108129312,0.5321721611234491,0.9415690521953083
2023-01-10,1221,3299.78,3499.48,0.27,3246.7,inflation,693.0,0.3,428.05,0.0,1,1253.87,28,0,530.65,2714.9,Salary,1964.7,Rent,Positive,95.2,Low,0.0,0,0,0,0,-199.69999999999982,2023,1,0.1516368146124567,0.7758009761450273,1.06051918612756
2019-01-31,1728,4728.6,3526.07,0.26,3004.27,inflation,723.0,0.53,683.77,0.0,4,989.76,76,0,462.5,1476.23,Salary,1058.97,Insurance,Negative,49.4,Low,1202.53,0,0,0,0,1202.5300000000002,2019,1,0.1311658588740439,0.4186615693959564,0.7456900562534365
2019-01-01,1465,4784.64,2873.62,0.07,2847.63,inflation,629.0,0.49,741.76,616.82,7,1483.28,82,0,710.58,2170.36,Freelance,1306.07,Groceries,Neutral,9.8,Medium,1911.02,0,0,0,0,1911.0200000000004,2019,1,0.24727695380739279,0.7552703558577684,0.6005927300695558
2023-02-09,1768,2639.7,1116.79,0.25,3016.33,inflation,724.0,0.18,368.42,671.49,7,310.81,61,0,235.87,1821.95,Salary,1301.22,Utilities,Neutral,16.2,Low,1522.91,0,0,0,0,1522.9099999999999,2023,2,0.21120353871363462,1.6314168285890813,0.4230745918096754
2019-04-01,1299,3033.43,3264.14,0.16,3004.84,inflation,682.0,0.37,695.7,148.08,3,912.48,28,0,390.15,2203.19,Salary,910.4,Education,Neutral,77.4,Low,0.0,0,0,0,0,-230.71000000000004,2019,4,0.11952612326677164,0.6749679854418009,1.0760558180014044
2022-07-14,1980,2415.69,3040.38,0.31,2877.84,inflation,738.0,0.12,425.88,454.91,2,345.8,71,0,562.3,1710.66,Salary,1355.4,Entertainment,Positive,78.4,High,0.0,0,0,0,0,-624.69,2022,7,0.18494398726474978,0.5626467744163559,1.2585969226183824
2022-04-15,1328,4502.18,3928.08,0.27,2635.51,inflation,668.0,0.15,584.56,0.0,5,1021.89,22,0,593.51,1721.17,Salary,300.0,Investments,Negative,75.5,Medium,574.1,0,0,0,0,574.1000000000004,2022,4,0.15109417323476101,0.43817081118510826,0.8724839966416269
2020-05-25,1763,5136.21,4502.06,0.2,2634.13,inflation,635.0,0.53,443.15,320.49,7,52.89,43,0,473.34,2388.88,Salary,823.84,Groceries,Positive,31.8,Low,634.15,0,0,0,0,634.1499999999996,2020,5,0.10513853658103178,0.5306193164906732,0.8765334750720863
2022-03-16,1750,4056.64,2764.49,0.17,2822.13,inflation,649.0,0.25,542.19,359.37,5,1258.19,63,0,309.1,2440.89,Salary,1239.51,Insurance,Neutral,1.4,Low,1292.15,0,0,0,0,1292.15,2022,3,0.11181085842234917,0.882944051163144,0.6814728445215745
2022-05-15,1345,4470.05,2118.36,0.4,3281.43,inflation,701.0,0.19,438.25,667.81,7,1787.5,73,0,477.87,1808.45,Freelance,867.58,Entertainment,Neutral,24.6,Low,2351.69,0,0,0,0,2351.69,2022,5,0.2255848864215714,0.8537028644800695,0.4739007393653315
2023-04-10,1262,3264.93,3252.85,0.16,1862.55,inflation,600.0,0.45,695.42,383.75,8,1171.39,36,0,217.68,2895.48,Salary,449.42,Insurance,Positive,73.8,Medium,12.08,0,0,0,0,12.079999999999927,2023,4,0.066919778040795,0.8901363419770355,0.9963000738147526
2021-07-19,1680,4566.2,2625.76,0.17,1714.73,inflation,718.0,0.36,698.12,302.37,3,492.93,95,0,298.67,3050.94,Freelance,1011.88,Insurance,Neutral,58.1,High,1940.44,1,0,0,0,1940.4399999999996,2021,7,0.11374611541039546,1.1619264517701542,0.5750427050939513
2020-12-21,1545,5962.96,2471.79,0.26,2885.02,inflation,734.0,0.24,774.16,0.0,5,630.68,83,0,846.79,1731.64,Salary,894.15,Education,Positive,71.8,High,3491.17,1,0,0,0,3491.17,2020,12,0.3425816918103884,0.7005611318113595,0.41452399479453156
2019-04-01,1732,1815.35,3471.34,0.37,2975.6,inflation,646.0,0.23,533.23,1196.54,6,1316.8,27,0,390.39,2495.72,Freelance,1164.68,Investments,Positive,65.9,Low,0.0,0,0,0,0,-1655.9900000000002,2019,4,0.11246089406396376,0.7189500308238316,1.9122152752912662
2022-02-14,1119,4741.24,2250.81,0.26,2820.0,inflation,769.0,0.56,569.44,461.04,4,856.31,52,0,690.65,2450.71,Salary,1696.36,Transportation,Positive,35.6,Low,2490.43,0,0,0,0,2490.43,2022,2,0.3068450913226794,1.088812471954541,0.4747302393466688
2023-02-09,1046,5713.73,2937.3,0.1,2445.77,inflation,571.0,0.43,425.91,537.91,7,899.39,44,0,178.65,1000.0,Salary,2037.21,Investments,Positive,89.0,Medium,2776.43,1,0,0,0,2776.4299999999994,2023,2,0.060821162291900724,0.3404487114016273,0.5140774940362951
2019-05-31,1574,3391.05,1889.03,0.36,2795.75,inflation,685.0,0.47,165.18,924.16,6,636.17,91,0,528.43,2799.05,Salary,835.42,Dining Out,Positive,87.1,Medium,1502.02,0,0,0,0,1502.0200000000002,2019,5,0.2797361608868043,1.4817393053577763,0.5570634464251485
2021-03-21,1598,5838.11,2553.87,0.3,2958.07,inflation,699.0,0.23,548.65,614.75,9,1596.93,98,0,626.11,1211.88,Salary,1597.48,Entertainment,Positive,6.6,Medium,3284.24,1,0,0,0,3284.24,2021,3,0.24516126506047686,0.4745268944777926,0.4374480782307973
2020-07-24,1081,4446.81,3056.6,0.05,3764.88,inflation,660.0,0.22,321.73,308.04,6,1459.97,31,0,393.67,2393.44,Salary,1608.21,Groceries,Positive,94.5,High,1390.21,0,0,0,0,1390.2100000000005,2020,7,0.1287934306091736,0.7830399790617026,0.6873691477710987
2021-09-17,1352,2516.74,1724.5,0.23,2638.64,inflation,753.0,0.39,518.13,777.85,5,666.38,30,0,478.8,2346.23,Salary,1115.65,Transportation,Negative,88.2,Medium,792.24,0,0,0,0,792.2399999999998,2021,9,0.27764569440417514,1.3605276891852711,0.6852118216422833
2022-03-16,1846,3873.5,4052.4,0.16,3406.47,inflation,630.0,0.41,804.56,272.07,3,251.89,22,0,828.26,2364.3,Salary,725.83,Utilities,Negative,27.1,Low,0.0,0,0,0,0,-178.9000000000001,2022,3,0.20438752344289804,0.5834320402724312,1.046185620240093
2020-04-25,1759,3391.04,4857.85,0.37,3028.27,inflation,726.0,0.17,420.55,748.4,2,1696.56,83,0,879.56,1430.28,Salary,1914.63,Healthcare,Neutral,5.9,Low,0.0,0,0,0,0,-1466.8100000000004,2020,4,0.18105952221661845,0.2944265467233447,1.4325546145135417
2021-01-20,1163,2742.74,4821.02,0.25,2859.9,inflation,656.0,0.45,524.49,440.24,2,236.41,49,0,631.79,1848.95,Salary,1398.78,Entertainment,Positive,23.7,Low,0.0,0,0,0,0,-2078.2800000000007,2021,1,0.1310490311178962,0.3835184255613957,1.7577386117532106
2022-10-12,1751,4241.91,2455.22,0.4,2132.46,inflation,700.0,0.58,419.5,370.62,5,2045.64,40,0,823.05,2871.61,Mixed,644.23,Education,Positive,30.4,Low,1786.69,0,0,0,0,1786.69,2022,10,0.3352245419962366,1.1695937634916629,0.5788005874712099
2020-08-23,1530,3287.25,2931.26,0.19,3031.49,inflation,646.0,0.27,359.77,473.27,8,1771.83,80,0,553.74,2543.09,Salary,879.83,Rent,Neutral,4.6,Low,355.99,0,0,0,0,355.9899999999998,2020,8,0.1889085239794491,0.8675757182917926,0.8917058331432048
2023-04-10,1540,2611.3,3249.69,0.13,1960.78,inflation,714.0,0.11,327.48,550.11,9,1414.14,78,0,636.52,2522.21,Salary,1048.27,Insurance,Positive,8.9,High,0.0,0,0,0,0,-638.3899999999999,2023,4,0.19587099077142742,0.7761386470709514,1.2444721020181517
2021-07-19,1756,3976.54,3184.21,0.25,3060.25,inflation,638.0,0.28,600.64,248.89,3,1177.76,60,0,269.42,3548.11,Salary,821.07,Dining Out,Negative,90.7,Medium,792.33,0,0,0,0,792.3299999999999,2021,7,0.08461125365475268,1.1142826635177956,0.8007488922530642
2023-11-06,1217,7085.77,2634.49,0.2,3372.32,normal,591.0,0.15,277.09,249.5,5,1285.7,68,0,935.51,2036.02,Mixed,1961.03,Dining Out,Negative,79.2,Medium,4451.28,1,1,0,0,4451.280000000001,2023,11,0.3551009872878622,0.7728326924755836,0.37180010076533665
2020-09-22,1295,5057.29,3549.91,0.37,2770.46,normal,690.0,0.11,0.0,436.45,8,934.99,50,0,361.84,1533.41,Salary,1269.62,Rent,Neutral,18.7,High,1507.38,0,0,0,0,1507.38,2020,9,0.10192934468761179,0.43195742990667374,0.7019391808656414
2022-12-11,1770,3817.0,2548.79,0.3,3031.17,normal,633.0,0.48,595.15,479.36,6,740.18,76,0,420.69,2180.73,Salary,1504.34,Investments,Positive,76.9,Low,1268.21,0,0,0,0,1268.21,2022,12,0.16505479070460885,0.8555942231411768,0.6677469216662301
2020-05-25,1811,2473.08,2430.52,0.38,3160.06,normal,615.0,0.56,381.69,559.53,8,227.19,95,0,619.72,1550.85,Salary,1091.69,Utilities,Positive,29.5,Medium,42.56,0,0,0,0,42.559999999999945,2020,5,0.254974244194658,0.6380733341013445,0.982790690151552
2022-01-15,1929,3620.88,3298.98,0.32,2812.08,normal,677.0,0.37,513.96,452.34,2,807.51,50,0,361.54,2728.61,Mixed,624.29,Insurance,Positive,15.9,Low,321.9,0,0,0,0,321.9000000000001,2022,1,0.10959144947832361,0.8271071664575111,0.9110989593689931
2019-08-29,1438,2823.98,1370.53,0.25,2994.82,normal,683.0,0.26,790.96,720.02,2,1547.78,28,0,836.38,1943.07,Mixed,1154.06,Healthcare,Positive,8.3,Medium,1453.45,0,0,0,0,1453.45,2019,8,0.6102602642773234,1.4177507971368741,0.48531859290788176
2022-09-12,1404,3436.35,3471.92,0.14,2674.16,normal,668.0,0.25,355.3,363.18,7,687.46,77,0,507.33,3301.4,Salary,1472.01,Insurance,Negative,97.2,Low,0.0,0,0,0,0,-35.570000000000164,2022,9,0.14612375861194957,0.9508859651144036,1.010351099276849
2022-06-14,1251,4082.03,2842.12,0.36,2462.47,normal,665.0,0.42,458.68,0.0,5,1273.22,41,0,508.05,1432.87,Salary,1135.22,Entertainment,Negative,95.8,Low,1239.91,0,0,0,0,1239.9100000000003,2022,6,0.17875740644307772,0.5041553488241172,0.6962516199048022
2022-12-11,1473,4802.07,2515.47,0.39,2934.91,normal,658.0,0.45,381.82,483.27,9,1364.88,50,0,797.62,2228.62,Salary,2006.15,Healthcare,Positive,38.9,Low,2286.6,0,0,0,0,2286.6,2022,12,0.3170858726202261,0.8859656445912693,0.523830348162355
2022-08-13,1723,2878.18,3645.56,0.37,1598.06,normal,656.0,0.23,519.37,131.94,1,1607.37,27,0,340.74,1385.69,Salary,1506.68,Utilities,Negative,31.0,Low,0.0,0,0,0,0,-767.3800000000001,2022,8,0.0934671216493488,0.380103468328597,1.266619877839468
2020-02-25,1775,4052.79,2859.19,0.08,2786.93,normal,613.0,0.15,108.61,413.18,5,528.15,24,0,523.94,1458.48,Salary,1214.6,Healthcare,Neutral,57.5,Low,1193.6,0,0,0,0,1193.6,2020,2,0.18324770302078563,0.510102511550474,0.7054868374625876
2023-03-11,1539,3284.09,4333.5,0.28,3483.4,normal,736.0,0.5,1097.54,0.0,5,872.36,71,0,850.61,3370.79,Salary,1373.45,Healthcare,Negative,97.3,Medium,0.0,0,0,0,0,-1049.4099999999999,2023,3,0.19628706588208147,0.7778446982808354,1.3195436178667455
2022-06-14,1938,4482.67,1895.59,0.32,1964.54,normal,615.0,0.59,208.76,490.81,9,1252.3,81,0,514.88,1870.53,Freelance,1238.61,Education,Neutral,8.0,Low,2587.08,1,0,0,0,2587.08,2022,6,0.2716199178092309,0.9867798416324205,0.42287074444471706
2021-03-21,1510,6429.44,4014.06,0.29,2286.01,normal,743.0,0.46,441.69,71.33,1,7.62,51,0,136.72,1790.42,Salary,811.36,Transportation,Positive,41.4,Low,2415.38,1,0,0,0,2415.3799999999997,2021,3,0.03406027812239976,0.4460371793147088,0.6243249800915788
2023-04-10,1291,3534.28,4770.88,0.1,1296.24,normal,761.0,0.13,0.0,502.91,2,1105.44,56,0,417.22,2126.88,Mixed,1580.48,Utilities,Positive,78.2,Medium,0.0,0,0,0,0,-1236.6,2023,4,0.08745137165470522,0.4458045475887048,1.3498873886619056
2022-02-14,1153,3857.32,2987.43,0.36,1991.53,normal,665.0,0.44,743.16,444.38,7,982.22,92,0,474.4,1547.33,Salary,971.23,Healthcare,Neutral,8.9,Low,869.89,0,0,0,0,869.8900000000003,2022,2,0.15879869988585507,0.5179468640269396,0.7744833200253025
2022-10-12,1866,2567.88,2611.7,0.22,3408.13,normal,663.0,0.41,505.42,0.0,1,397.39,32,0,399.37,1913.29,Freelance,1856.11,Investments,Positive,4.9,High,0.0,0,0,0,0,-43.81999999999971,2022,10,0.152915725389593,0.732584140598078,1.0170646603423834
2020-10-22,1596,3861.81,2592.12,0.29,2372.09,normal,668.0,0.6,233.29,480.43,4,1560.98,57,0,586.51,2156.66,Salary,842.44,Healthcare,Neutral,21.1,Low,1269.69,0,0,0,0,1269.69,2020,10,0.2262665308704844,0.8320062342792772,0.6712189361983112
2019-06-30,1937,5904.98,2453.74,0.25,3199.33,normal,657.0,0.56,771.88,199.68,3,557.3,77,0,562.83,3070.53,Salary,1720.5,Rent,Positive,47.3,Low,3451.24,1,0,0,0,3451.24,2019,6,0.22937638054561613,1.2513673005289887,0.41553739386077515
2022-12-11,1467,3904.36,3337.18,0.14,2056.6,normal,719.0,0.39,624.27,84.94,9,1070.12,86,0,330.17,3057.79,Salary,1191.83,Insurance,Positive,14.5,Medium,567.18,0,0,0,0,567.1800000000003,2022,12,0.09893682690175538,0.9162796133262215,0.8547316333534817
2019-07-30,1344,3266.03,3162.23,0.15,2784.68,normal,638.0,0.44,449.04,260.35,4,1311.57,28,0,353.47,1947.26,Mixed,1116.14,Entertainment,Negative,21.3,Medium,103.8,0,0,0,0,103.80000000000018,2019,7,0.11177871312333386,0.6157869604677711,0.9682182956065927
2023-04-10,1014,2414.64,2246.85,0.38,3611.74,normal,789.0,0.27,292.08,320.72,7,1247.25,73,0,617.38,2025.78,Salary,1459.79,Groceries,Positive,35.4,Low,167.79,0,0,0,0,167.78999999999996,2023,4,0.2747757972272292,0.9016089191534815,0.9305113805784714
2019-11-27,1891,5156.83,3422.85,0.18,3144.24,normal,665.0,0.29,597.49,324.29,5,1840.38,60,0,0.0,3339.38,Freelance,1375.73,Education,Negative,57.6,Medium,1733.98,0,0,0,0,1733.98,2019,11,0.0,0.9756138890106199,0.663750792638113
2020-06-24,1528,3509.23,1976.53,0.18,2721.05,normal,674.0,0.32,187.8,323.03,5,2370.01,82,0,456.32,2232.27,Freelance,1676.3,Entertainment,Positive,43.4,Medium,1532.7,0,0,0,0,1532.7,2020,6,0.23086925065645347,1.1293883725518965,0.56323751934185
2020-12-21,1701,4649.62,3809.51,0.27,2791.13,normal,655.0,0.25,418.19,283.92,3,1569.4,37,0,222.83,2384.92,Salary,1426.2,Investments,Neutral,93.8,Low,840.11,0,0,0,0,840.1099999999997,2020,12,0.05849308703744051,0.6260437694086641,0.8193164172556038
2021-01-20,1226,4437.88,3401.22,0.14,2362.42,normal,713.0,0.54,580.18,26.42,7,1269.92,30,0,465.0,1430.54,Salary,1719.24,Investments,Negative,96.9,Low,1036.66,0,0,0,0,1036.6600000000003,2021,1,0.13671564909062042,0.42059613903246484,0.7664064823744671
2019-08-29,1655,5089.88,3012.55,0.34,3143.18,normal,745.0,0.52,153.44,980.57,3,742.5,68,0,482.65,3162.15,Freelance,622.6,Healthcare,Positive,7.0,Medium,2077.33,0,0,0,0,2077.33,2019,8,0.16021310849612452,1.0496589268227914,0.5918705352581987
2019-01-31,1790,1649.12,3616.05,0.34,3228.48,normal,645.0,0.46,856.95,0.0,2,0.0,55,0,408.32,2647.16,Freelance,2062.87,Rent,Positive,89.2,High,0.0,0,0,0,0,-1966.9300000000003,2019,1,0.11291879260519073,0.7320584615810068,2.192714902493451
2022-09-12,1965,4811.4,3982.71,0.19,2707.33,normal,605.0,0.39,537.06,337.75,8,1764.95,94,0,253.62,2071.88,Mixed,1122.9,Healthcare,Positive,77.3,Low,828.69,0,0,0,0,828.6899999999996,2022,9,0.06368025791483688,0.5202186450934163,0.8277653073949371
2019-05-01,1023,4906.9,2553.71,0.14,2855.85,normal,645.0,0.31,521.18,41.58,2,999.27,38,0,464.28,2756.06,Salary,1342.65,Entertainment,Negative,27.8,Low,2353.19,0,0,0,0,2353.1899999999996,2019,5,0.1818060782156157,1.079237658152257,0.5204324522611018
2023-11-06,1277,3717.91,2049.8,0.31,2998.43,normal,692.0,0.32,413.0,626.19,2,817.84,97,0,572.42,1529.86,Salary,1238.01,Transportation,Positive,10.5,Medium,1668.11,0,0,0,0,1668.1099999999997,2023,11,0.27925651283052,0.7463459849741437,0.5513312586910388
2019-09-28,1788,2699.8,3344.48,0.36,3116.25,normal,637.0,0.22,513.32,533.78,9,1167.35,68,0,614.46,2244.25,Salary,1698.5,Insurance,Negative,22.8,Medium,0.0,0,0,0,0,-644.6799999999998,2019,9,0.18372362818734153,0.6710310720949146,1.2387880583746944
2022-04-15,1913,3782.73,2241.48,0.16,3606.0,normal,689.0,0.5,564.04,278.85,9,790.98,25,0,260.49,2092.8,Salary,1181.67,Rent,Negative,4.2,Low,1541.25,0,0,0,0,1541.25,2022,4,0.11621339472134483,0.9336688259542802,0.5925561697504184
2020-03-26,1355,5559.53,2918.58,0.32,3153.86,normal,661.0,0.24,832.8,190.64,9,1211.14,54,0,307.87,2471.55,Mixed,1794.87,Groceries,Negative,48.6,Medium,2640.95,0,0,0,0,2640.95,2020,3,0.10548622960480782,0.8468330489484613,0.5249688372938001
2019-04-01,1341,4180.17,3072.94,0.29,3012.24,normal,668.0,0.33,654.95,123.39,6,779.4,68,0,626.95,2732.29,Salary,1275.13,Dining Out,Neutral,4.8,Medium,1107.23,0,0,0,0,1107.23,2019,4,0.20402285758914918,0.8891452485242146,0.7351232126923067
2021-03-21,1974,4774.81,3451.68,0.24,2483.09,normal,663.0,0.53,633.49,694.53,7,1266.24,88,0,690.97,1026.24,Salary,1193.2,Healthcare,Positive,18.4,Medium,1323.13,0,0,0,0,1323.1300000000006,2021,3,0.2001836786724146,0.29731608955638994,0.7228936858220536
2019-04-01,1461,4471.72,2993.6,0.31,3174.48,normal,669.0,0.4,635.23,548.29,4,513.41,60,0,133.24,2743.68,Salary,1260.0,Entertainment,Neutral,58.9,Medium,1478.12,0,0,0,0,1478.1200000000003,2019,4,0.04450828433992518,0.9165152324959914,0.6694515756800514
2022-12-11,1267,4901.55,3268.16,0.14,2718.06,normal,678.0,0.41,391.75,822.76,7,1212.51,88,0,382.55,2243.09,Salary,685.52,Dining Out,Positive,2.4,High,1633.39,0,0,0,0,1633.3900000000003,2022,12,0.11705363262508568,0.6863464457064526,0.6667605145311176
2020-07-24,1404,2532.15,3592.7,0.22,2413.89,normal,696.0,0.49,849.92,521.18,5,2187.52,26,0,319.52,1519.82,Mixed,995.72,Transportation,Negative,84.2,Low,0.0,0,0,0,0,-1060.5499999999997,2020,7,0.0889358977927464,0.4230300331227211,1.4188337973658747
2021-03-21,1115,5395.68,3656.6,0.1,2801.69,normal,673.0,0.18,584.69,668.13,5,1187.26,51,0,519.8,1835.08,Freelance,300.0,Transportation,Positive,56.8,Medium,1739.08,0,0,0,0,1739.0800000000004,2021,3,0.14215391347153092,0.5018541814800634,0.6776903003884589
2019-01-01,1193,2459.45,1997.77,0.11,2848.08,normal,594.0,0.53,710.37,573.77,2,481.0,41,0,639.13,3561.47,Freelance,875.71,Healthcare,Neutral,50.4,Low,461.68,0,0,0,0,461.67999999999984,2019,1,0.3199217127096713,1.7827227358504731,0.8122832340563948
2020-04-25,1371,3218.96,4282.76,0.36,3390.91,normal,691.0,0.5,258.87,326.11,8,1178.88,41,0,742.02,1800.47,Salary,1167.34,Entertainment,Positive,80.4,Low,0.0,0,0,0,0,-1063.8000000000002,2020,4,0.17325743212321026,0.42039946202915873,1.3304794094987202
2019-04-01,1532,3718.77,3712.66,0.3,3153.8,normal,618.0,0.52,591.62,357.67,1,755.42,32,0,438.06,2616.72,Salary,1272.99,Entertainment,Positive,14.1,Medium,6.11,0,0,0,0,6.110000000000127,2019,4,0.11799087446736303,0.7048100283893488,0.9983569836263065
2023-01-10,1127,5027.58,3752.07,0.33,3211.06,normal,680.0,0.45,332.74,438.56,4,959.24,84,0,647.67,1632.29,Freelance,1374.14,Investments,Negative,27.5,Low,1275.51,0,0,0,0,1275.5099999999998,2023,1,0.17261671557300368,0.4350371928029061,0.746297423412457
2019-11-27,1661,3056.74,2519.55,0.17,2937.24,normal,733.0,0.56,386.17,684.17,8,1255.9,96,0,778.0,2123.93,Freelance,1325.17,Utilities,Neutral,22.3,High,537.19,0,0,0,0,537.1899999999996,2019,11,0.3087852989621162,0.8429798972038657,0.8242604866622613
2019-08-29,1541,3658.24,3009.93,0.18,2489.24,normal,684.0,0.6,250.23,661.53,6,955.7,28,0,282.09,1412.52,Freelance,1225.41,Investments,Positive,22.9,Medium,648.31,0,0,0,0,648.31,2019,8,0.09371978750336386,0.46928666115158824,0.8227809001049685
2022-09-12,1833,6285.31,2453.77,0.25,2848.22,normal,671.0,0.35,480.79,192.97,7,1136.0,41,0,468.34,3114.21,Freelance,1805.69,Investments,Positive,51.4,Low,3831.54,1,0,0,0,3831.5400000000004,2022,9,0.19086548454011582,1.2691531806159502,0.39039760966443976
2020-07-24,1083,5397.7,3323.68,0.29,3070.43,normal,767.0,0.26,383.68,651.95,5,608.81,83,0,90.37,3020.04,Mixed,1131.24,Groceries,Positive,74.9,Medium,2074.02,0,0,0,0,2074.02,2020,7,0.027189741491358978,0.9086434313772686,0.6157585638327435
2020-03-26,1540,4856.47,4627.69,0.06,3301.08,normal,663.0,0.55,537.15,771.96,7,729.48,34,0,680.92,1791.98,Salary,1903.92,Rent,Positive,68.8,Low,228.78,0,0,0,0,228.78000000000065,2020,3,0.14714036592770907,0.3872299138447044,0.9528917094103329
2020-02-25,1923,4305.48,3779.06,0.21,3028.18,normal,695.0,0.2,607.62,421.56,8,1516.44,66,0,166.06,3107.76,Freelance,864.77,Utilities,Positive,74.3,Medium,526.42,0,0,0,0,526.4199999999996,2020,2,0.04394214434277307,0.822363233184972,0.8777325640811245
2020-11-21,1353,4915.31,3145.92,0.35,2964.17,normal,693.0,0.34,527.76,352.61,2,1212.05,41,0,489.32,2699.6,Salary,1930.17,Rent,Positive,3.5,Medium,1769.39,0,0,0,0,1769.3900000000003,2020,11,0.15554114535652527,0.8581273522530769,0.6400247390296848
2021-03-21,1245,4066.0,3376.66,0.14,2711.57,normal,665.0,0.4,394.57,104.21,8,1177.74,51,0,338.2,2584.37,Salary,627.25,Dining Out,Neutral,33.1,High,689.34,0,0,0,0,689.3400000000001,2021,3,0.10015814443858724,0.7653628141417851,0.8304623708804721
2021-12-16,1458,2791.22,3963.88,0.22,2721.29,normal,616.0,0.13,363.32,96.27,3,1564.26,50,0,337.83,3095.28,Mixed,1014.47,Utilities,Positive,5.1,Medium,0.0,0,0,0,0,-1172.6600000000003,2021,12,0.08522710071949705,0.7808712675459398,1.4201245333581733
2019-07-30,1790,4064.85,3149.12,0.29,3156.36,normal,622.0,0.53,453.53,109.62,2,717.83,90,0,670.31,1825.0,Salary,959.12,Insurance,Neutral,46.8,High,915.73,0,0,0,0,915.73,2019,7,0.21285629001117773,0.5795269789655523,0.7747198543611695
2020-09-22,1384,3441.08,2433.06,0.12,2423.31,normal,668.0,0.11,484.03,220.58,5,1276.51,22,0,193.29,2597.37,Salary,1275.9,Entertainment,Negative,90.4,Low,1008.02,0,0,0,0,1008.02,2020,9,0.07944317032872185,1.0675322433478829,0.7070628988573355
2021-01-20,1074,5245.26,3743.35,0.07,3510.16,normal,735.0,0.41,688.89,0.0,2,741.2,44,0,452.21,2313.39,Salary,559.78,Rent,Neutral,3.8,Low,1501.91,0,0,0,0,1501.9100000000003,2021,1,0.12080355831006985,0.6179999198578813,0.7136633837026191
2019-06-30,1070,5075.63,1684.02,0.31,3846.76,normal,700.0,0.41,382.81,194.9,2,723.72,25,0,744.47,1694.69,Salary,1255.78,Utilities,Positive,41.8,Medium,3391.61,0,0,0,0,3391.61,2019,6,0.44207907269509866,1.0063360292633106,0.33178541383040133
2023-11-06,1613,3821.93,1798.56,0.36,2854.14,normal,621.0,0.1,396.48,621.16,9,1107.38,59,0,920.25,2021.03,Salary,1274.34,Transportation,Negative,77.8,Low,2023.37,0,0,0,0,2023.37,2023,11,0.5116593274619696,1.1236933991637754,0.4705894665784041
2019-07-30,1784,4018.31,1566.09,0.12,2757.69,normal,765.0,0.26,414.11,316.5,8,1123.86,98,0,238.58,1612.76,Salary,1304.51,Education,Positive,3.9,Medium,2452.22,0,0,0,0,2452.2200000000003,2019,7,0.15234118090275783,1.0298003307600458,0.3897384721437619
2023-06-09,1060,4480.67,2492.74,0.09,2720.17,normal,644.0,0.4,536.79,547.43,7,434.1,35,0,470.69,1478.47,Salary,1202.74,Investments,Positive,80.5,Medium,1987.93,0,0,0,0,1987.9300000000003,2023,6,0.18882434590049504,0.5931103925800525,0.5563319771373477
2022-06-14,1510,4552.98,3002.22,0.1,2919.41,normal,657.0,0.41,560.19,379.79,2,427.6,20,0,964.29,2484.22,Mixed,1729.39,Transportation,Negative,26.4,High,1550.76,0,0,0,0,1550.7599999999998,2022,6,0.3211923176849132,0.8274610121843169,0.6593967028188132
2020-07-24,1448,2489.96,2501.32,0.1,3124.68,normal,684.0,0.23,275.86,337.93,2,162.64,93,0,249.32,2671.5,Salary,1490.2,Insurance,Positive,81.0,Medium,0.0,0,0,0,0,-11.360000000000127,2020,7,0.09967537140389873,1.0680360769513697,1.0045623222863018
2019-08-29,1154,4763.39,3122.35,0.19,2587.44,normal,743.0,0.17,953.62,634.83,1,1558.32,85,1,398.32,2308.92,Salary,532.82,Healthcare,Positive,18.8,Low,1641.04,0,0,0,0,1641.0400000000004,2019,8,0.12757057985171424,0.7394814802952905,0.6554890529643803
2019-06-30,1713,3862.71,4210.65,0.38,3700.72,normal,687.0,0.59,513.71,349.36,5,925.57,33,0,457.18,2246.71,Salary,2098.0,Insurance,Positive,96.6,Low,0.0,0,0,0,0,-347.9399999999996,2019,6,0.10857706054884639,0.5335779511476851,1.0900766560264683
2021-10-17,1021,4077.43,2765.5,0.14,2304.88,normal,717.0,0.58,442.84,395.29,5,254.77,62,0,381.56,2243.0,Salary,1192.83,Insurance,Positive,64.3,Low,1311.93,0,0,0,0,1311.9299999999998,2021,10,0.13797143373711807,0.8110649068884469,0.6782458558454714
2022-05-15,1946,2357.92,3605.77,0.18,2843.81,normal,714.0,0.27,543.27,222.36,5,732.22,96,1,516.19,1524.27,Salary,1554.86,Entertainment,Negative,89.2,Medium,0.0,0,0,0,0,-1247.85,2022,5,0.1431566627932453,0.4227307898174315,1.529216428038271
2020-03-26,1325,3193.44,3294.84,0.39,2294.64,normal,773.0,0.3,635.95,311.31,7,1137.61,46,0,570.92,3173.48,Salary,1278.43,Investments,Positive,25.0,Medium,0.0,0,0,0,0,-101.40000000000009,2020,3,0.1732770028286654,0.9631666484563741,1.0317525928152713
2019-06-30,1058,3176.93,3386.36,0.34,3543.42,normal,667.0,0.42,423.17,347.0,8,1198.27,56,0,222.93,2993.9,Salary,607.26,Utilities,Positive,4.8,Low,0.0,0,0,0,0,-209.4300000000003,2019,6,0.0658317485441595,0.884105647361769,1.0659221323730772
2021-06-19,1866,2587.89,1265.01,0.14,3189.09,normal,533.0,0.46,355.5,380.76,1,321.91,98,0,443.39,2414.48,Salary,1245.87,Insurance,Positive,69.8,High,1322.88,0,0,0,0,1322.8799999999999,2021,6,0.35050315807780175,1.9086647536383112,0.4888190765449845
2020-01-26,1633,3751.34,3193.56,0.26,3496.77,normal,658.0,0.57,674.61,396.18,6,1288.18,51,0,342.06,2869.83,Salary,2048.44,Transportation,Neutral,19.8,High,557.78,0,0,0,0,557.7800000000002,2020,1,0.10710930748130613,0.8986303686168414,0.8513117979175441
2021-09-17,1440,4377.63,2794.15,0.39,3077.36,normal,692.0,0.29,266.4,736.35,8,82.81,43,0,429.96,1431.11,Salary,1077.81,Transportation,Negative,82.7,Low,1583.48,0,0,0,0,1583.48,2021,9,0.15387863929996598,0.5121808063275056,0.6382791601848489
2019-05-31,1635,4744.85,3129.47,0.38,2529.99,normal,600.0,0.13,527.18,542.16,2,1279.96,31,0,102.14,1980.02,Salary,1114.93,Investments,Neutral,27.0,Medium,1615.38,0,0,0,0,1615.3800000000006,2019,5,0.03263811444110345,0.6327013839404116,0.6595508814820278
2019-07-30,1183,2312.95,3945.06,0.14,3176.74,normal,731.0,0.36,349.9,521.98,5,0.0,29,0,120.68,2156.2,Salary,1000.82,Rent,Positive,0.6,Medium,0.0,0,0,0,0,-1632.1100000000001,2019,7,0.03059015578977253,0.5465569598434498,1.7056399835707647
2022-08-13,1615,4252.39,4533.39,0.05,2815.98,normal,632.0,0.29,499.31,423.77,7,986.2,41,1,217.59,2445.76,Salary,903.47,Investments,Positive,32.7,Medium,0.0,0,0,0,0,-281.0,2022,8,0.04799719415272015,0.5394991386137085,1.0660804865028843
2019-12-27,1584,4819.38,2130.07,0.08,3172.58,normal,604.0,0.45,563.5,465.6,3,966.55,72,0,793.26,3060.69,Salary,1584.54,Investments,Positive,54.2,High,2689.31,0,0,0,0,2689.31,2019,12,0.3724102963752365,1.4368964400230977,0.44198008872510575
2022-02-14,1839,4859.54,3578.86,0.12,2374.28,normal,711.0,0.13,645.39,233.26,7,1010.71,44,0,491.67,2094.77,Salary,637.72,Transportation,Neutral,86.3,Medium,1280.68,0,0,0,0,1280.6799999999998,2022,2,0.13738173608355733,0.5853176709902036,0.7364606526543664
2021-03-21,1817,4624.19,3486.68,0.09,3333.08,normal,662.0,0.5,742.75,23.81,3,1188.34,25,0,493.62,2056.17,Salary,825.84,Dining Out,Negative,86.2,Low,1137.51,0,0,0,0,1137.5099999999998,2021,3,0.14157307237830832,0.5897214542200604,0.7540088101916228
2022-04-15,1190,2827.7,3448.11,0.08,3213.06,normal,713.0,0.2,1095.26,536.3,9,1142.83,35,0,580.23,1962.99,Mixed,1227.75,Investments,Neutral,27.7,Medium,0.0,0,0,0,0,-620.4100000000003,2022,4,0.16827479401759224,0.5692944830646354,1.2194044629911236
2020-05-25,1529,4708.46,3533.97,0.37,2535.78,normal,697.0,0.36,783.58,0.0,3,709.75,61,0,690.13,2430.74,Salary,1152.65,Rent,Positive,20.8,Low,1174.49,0,0,0,0,1174.4900000000002,2020,5,0.19528462324241577,0.6878213453990837,0.750557507125472
2021-09-17,1664,2254.1,2907.71,0.06,2962.08,normal,627.0,0.37,310.87,111.81,5,1673.62,90,1,71.5,2176.83,Freelance,499.62,Investments,Positive,40.8,Low,0.0,0,0,0,0,-653.6100000000001,2021,9,0.024589797469486297,0.7486406828741518,1.2899649527527617
2020-10-22,1083,4504.36,3433.1,0.29,3309.33,normal,643.0,0.31,673.7,291.43,5,1503.0,61,0,458.21,1580.99,Freelance,1066.57,Healthcare,Positive,28.1,Medium,1071.26,0,0,0,0,1071.2599999999998,2020,10,0.13346829396172555,0.46051382132766305,0.762172650498628
2020-12-21,1027,2492.28,1923.78,0.06,2018.49,normal,721.0,0.54,605.59,499.82,4,1046.86,73,0,334.72,2508.13,Mixed,1288.7,Insurance,Negative,12.1,Low,568.5,0,0,0,0,568.5000000000002,2020,12,0.1739907889675535,1.3037509486531724,0.7718956136549665
2023-05-10,1288,4472.59,1321.97,0.2,3521.55,normal,634.0,0.54,241.16,345.43,9,492.84,97,0,560.33,2216.07,Salary,1629.08,Insurance,Positive,57.7,Medium,3150.62,0,0,0,0,3150.62,2023,5,0.42385984553355976,1.676339099979576,0.2955714697747837
2022-11-11,1320,3540.69,3548.21,0.24,3392.41,normal,659.0,0.58,371.17,777.61,4,1229.07,47,0,658.15,2571.65,Salary,1147.27,Dining Out,Positive,52.2,Low,0.0,0,0,0,0,-7.519999999999982,2022,11,0.18548789389579534,0.7247739000791948,1.0021238798087377
2022-01-15,1780,4351.44,3157.5,0.37,1632.69,normal,627.0,0.46,846.5,0.0,8,640.74,33,0,666.32,3328.91,Salary,311.86,Insurance,Negative,86.4,Medium,1193.94,0,0,0,0,1193.9399999999996,2022,1,0.211027711797308,1.0542866191607283,0.7256218631073852
2019-08-29,1171,4373.5,3078.52,0.15,2364.9,normal,681.0,0.57,280.56,614.43,2,1583.72,71,0,390.81,2605.64,Salary,1223.07,Entertainment,Positive,83.8,High,1294.98,0,0,0,0,1294.98,2019,8,0.126947364317919,0.8463937216584593,0.7039030524751343
2022-01-15,1609,3090.57,1936.15,0.38,2964.43,normal,701.0,0.55,295.6,269.48,3,890.65,44,0,561.77,2419.58,Freelance,1226.48,Entertainment,Neutral,70.9,Low,1154.42,0,0,0,0,1154.42,2022,1,0.2901479740722568,1.2496862329881464,0.6264701980540807
2020-05-25,1730,4003.62,4254.45,0.17,2560.16,normal,628.0,0.46,660.45,767.32,1,794.26,57,0,525.02,1000.0,Salary,1609.61,Insurance,Positive,71.8,Low,0.0,0,0,0,0,-250.82999999999993,2020,5,0.12340490545193857,0.23504800855574753,1.0626508010250724
2023-03-11,1666,4800.99,3518.49,0.32,2657.7,normal,724.0,0.33,506.87,522.94,1,819.72,67,0,727.52,2434.47,Salary,1435.2,Groceries,Positive,0.3,Medium,1282.5,0,0,0,0,1282.5,2023,3,0.20677051803472513,0.6919076080932446,0.732867596058313
2022-05-15,1424,4869.11,2647.38,0.36,3108.02,normal,693.0,0.3,401.0,386.49,2,1602.48,55,0,204.84,2596.04,Salary,926.08,Investments,Negative,31.2,High,2221.73,0,0,0,0,2221.7299999999996,2022,5,0.07737461188042517,0.9806072418768744,0.543709219960116
2022-12-11,1454,5597.8,3625.7,0.15,2834.22,normal,725.0,0.41,400.79,282.1,5,915.93,72,0,636.49,2955.68,Salary,1378.87,Insurance,Neutral,84.2,Low,1972.1,0,0,0,0,1972.1000000000004,2022,12,0.17554954905259676,0.8152025815704553,0.6477008824895494
2023-09-07,1201,3982.86,3612.94,0.4,2743.04,normal,670.0,0.57,477.46,299.86,4,1767.97,24,0,845.02,2875.94,Salary,750.68,Dining Out,Positive,37.9,Medium,369.92,0,0,0,0,369.9200000000001,2023,9,0.23388708364932714,0.7960110048879859,0.9071220178464722
2023-06-09,1919,3439.29,3526.43,0.18,2635.15,normal,593.0,0.18,650.92,365.01,4,1765.09,83,0,432.86,1938.33,Salary,916.6,Utilities,Positive,32.7,Low,0.0,0,0,0,0,-87.13999999999987,2023,6,0.12274736773450771,0.5496578692899051,1.0253366247103326
2020-05-25,1696,3630.66,4270.29,0.18,2689.16,normal,663.0,0.25,861.83,811.23,1,1224.27,30,0,686.64,2087.13,Salary,1932.18,Dining Out,Positive,48.7,Low,0.0,0,0,0,0,-639.6300000000001,2020,5,0.1607947001257526,0.48875603296263254,1.176174579828461
2019-01-01,1235,2400.4,1700.57,0.27,3172.36,normal,599.0,0.42,479.42,248.1,4,309.59,48,0,76.45,2245.34,Salary,787.57,Utilities,Neutral,2.6,Medium,699.83,0,0,0,0,699.8300000000002,2019,1,0.04495551491558713,1.3203455312042434,0.7084527578736877
2023-04-10,1153,4736.23,2157.48,0.06,2196.61,normal,662.0,0.4,289.77,322.29,3,469.2,94,0,589.69,1045.09,Freelance,517.71,Healthcare,Positive,25.3,Low,2578.75,1,0,0,0,2578.7499999999995,2023,4,0.2733235070545266,0.48440309991286123,0.45552686419367305
2022-10-12,1027,3291.11,3327.54,0.15,2957.58,normal,674.0,0.55,368.21,786.48,9,1434.91,66,0,442.54,2909.5,Salary,1015.46,Rent,Positive,27.5,High,0.0,0,0,0,0,-36.429999999999836,2022,10,0.13299314208093668,0.8743696544594506,1.0110692137303219
2019-01-31,1227,3209.62,3255.14,0.3,3255.29,normal,677.0,0.45,598.17,0.0,9,299.11,47,0,456.84,1170.54,Salary,472.97,Education,Negative,14.8,Medium,0.0,0,0,0,0,-45.51999999999998,2019,1,0.14034419410532264,0.3595974366693906,1.014182364267421
2020-07-24,1581,5302.86,3549.05,0.32,3035.51,normal,650.0,0.22,774.29,45.19,9,954.31,90,0,91.94,2842.66,Salary,2227.2,Utilities,Positive,50.3,Low,1753.81,0,0,0,0,1753.8099999999995,2020,7,0.025905524013468392,0.8009636381566897,0.6692709217290294
2021-08-18,1169,2990.93,2714.58,0.2,2042.97,normal,684.0,0.17,561.79,598.51,8,221.72,84,0,684.88,2627.69,Freelance,999.33,Dining Out,Positive,26.0,Low,276.35,0,0,0,0,276.3499999999999,2021,8,0.2522968562355871,0.9679913651467262,0.9076039893946031
2021-06-19,1474,4397.68,2868.96,0.17,2385.19,normal,618.0,0.51,472.33,536.84,2,551.22,91,0,743.73,2144.9,Freelance,913.85,Insurance,Negative,82.9,High,1528.72,0,0,0,0,1528.7200000000003,2021,6,0.25923331102559816,0.7476228319669845,0.6523803460006184
2023-08-08,1036,4850.12,1752.14,0.14,3573.38,normal,703.0,0.32,512.53,627.08,1,1163.01,24,0,368.38,2357.52,Salary,889.28,Healthcare,Positive,95.4,Medium,3097.98,0,0,0,0,3097.9799999999996,2023,8,0.21024575661762188,1.3455089205200497,0.3612570410629016
2023-07-09,1160,3854.53,2141.09,0.31,2531.1,normal,677.0,0.27,313.4,27.85,3,108.19,43,0,656.06,2299.9,Salary,1082.03,Investments,Positive,77.3,Low,1713.44,0,0,0,0,1713.44,2023,7,0.30641402276410606,1.0741725009224272,0.5554736893992264
2019-05-31,1289,4551.4,3540.8,0.09,3929.6,normal,639.0,0.29,789.04,523.47,6,1074.86,85,0,488.86,1996.04,Freelance,1359.26,Rent,Positive,99.0,Low,1010.6,0,0,0,0,1010.5999999999995,2019,5,0.13806484410302755,0.5637257117035698,0.7779584303730721
2023-01-10,1378,4781.64,5030.97,0.3,3117.82,normal,715.0,0.11,435.78,81.4,7,690.1,59,0,668.84,2504.07,Salary,1622.36,Healthcare,Neutral,19.5,High,0.0,0,0,0,0,-249.32999999999993,2023,1,0.13294454150988774,0.497731053852438,1.0521431977313223
2022-10-12,1460,4214.59,2935.05,0.34,3561.01,normal,716.0,0.21,145.65,749.6,8,1480.97,25,0,512.89,1520.38,Mixed,1507.2,Utilities,Positive,56.7,Low,1279.54,0,0,0,0,1279.54,2022,10,0.1747465971618882,0.5180082111037291,0.6964022597690405
2019-06-30,1444,5029.99,3890.02,0.12,2755.79,normal,643.0,0.57,598.04,583.82,3,1033.75,69,0,436.04,2015.3,Salary,1047.73,Groceries,Positive,89.7,Low,1139.97,0,0,0,0,1139.9699999999998,2019,6,0.11209196867882427,0.5180693158389931,0.7733653546030906
2023-08-08,1597,5583.22,3617.96,0.12,2848.01,normal,620.0,0.42,151.38,224.26,9,653.18,75,0,391.85,1603.89,Mixed,1117.16,Dining Out,Positive,95.2,Low,1965.26,0,0,0,0,1965.2600000000002,2023,8,0.10830689117624297,0.4433133589094407,0.6480059893753067
2019-05-01,1608,2918.58,1340.14,0.32,2849.76,normal,657.0,0.35,534.33,385.09,5,686.51,59,0,342.52,2141.52,Salary,1094.19,Insurance,Negative,74.7,High,1578.44,0,0,0,0,1578.4399999999998,2019,5,0.2555852373632605,1.597982300356679,0.45917535239739876
2023-05-10,1098,3652.61,3711.58,0.19,2367.43,normal,698.0,0.47,418.9,395.38,3,471.62,74,0,504.77,2014.31,Salary,434.38,Insurance,Positive,76.8,Medium,0.0,0,0,0,0,-58.9699999999998,2023,5,0.13599868519606206,0.5427095738203137,1.0161446198745554
2019-04-01,1050,3710.06,3726.19,0.31,2109.71,normal,756.0,0.13,249.52,376.76,1,169.44,76,0,424.2,1894.23,Salary,928.37,Healthcare,Negative,88.1,Medium,0.0,0,0,0,0,-16.13000000000011,2019,4,0.1138428260502014,0.5083557199176639,1.0043476385826644
2019-11-27,1075,3721.67,1965.74,0.33,3273.66,normal,699.0,0.29,499.24,460.01,2,1018.89,72,0,0.0,2589.51,Salary,1339.14,Insurance,Positive,71.2,Low,1755.93,0,0,0,0,1755.93,2019,11,0.0,1.3173207036535861,0.5281876146998524
2020-09-22,1256,3234.86,2922.43,0.27,2844.51,normal,677.0,0.38,591.92,92.52,6,527.64,82,0,552.49,2895.39,Salary,999.43,Healthcare,Positive,66.2,Medium,312.43,0,0,0,0,312.4300000000003,2020,9,0.18905157694110725,0.9907474259434785,0.9034177676931922
2023-03-11,1353,6076.12,3879.48,0.31,2970.84,normal,732.0,0.22,498.1,300.9,3,1275.15,82,0,392.15,2101.56,Salary,1154.83,Utilities,Neutral,13.0,Low,2196.64,0,0,0,0,2196.64,2023,3,0.10108313485312465,0.5417117758050047,0.6384798193584064
2020-02-25,1908,3664.79,2656.52,0.22,2879.68,normal,708.0,0.39,375.54,606.79,5,969.33,22,0,587.22,2225.48,Freelance,1753.52,Entertainment,Positive,96.0,Medium,1008.27,0,0,0,0,1008.27,2020,2,0.22104858988451057,0.8377426106334603,0.7248764594969971
2019-06-30,1984,4085.94,3449.51,0.35,2936.09,normal,698.0,0.22,674.05,441.61,6,1192.23,96,0,700.37,2321.52,Salary,916.16,Investments,Positive,48.2,Medium,636.43,0,0,0,0,636.4299999999998,2019,6,0.20303463390452556,0.6729999333238633,0.8442390245573846
2023-04-10,1048,3940.12,3005.82,0.29,2963.31,normal,665.0,0.37,376.16,231.16,6,700.32,46,0,347.27,2089.57,Freelance,2043.99,Transportation,Positive,54.4,Medium,934.3,0,0,0,0,934.2999999999997,2023,4,0.1155325335515766,0.6951746944261467,0.7628752423784048
2022-11-11,1206,3764.31,2918.07,0.22,2831.01,normal,662.0,0.44,671.29,0.0,4,789.59,96,0,619.13,2275.19,Salary,1127.83,Groceries,Positive,66.0,Low,846.24,0,0,0,0,846.2399999999998,2022,11,0.21217105826796478,0.7796900005825769,0.7751938602293648
2019-03-02,1126,2922.2,2701.92,0.2,2673.81,normal,612.0,0.25,544.74,199.25,3,1588.49,90,0,649.32,2203.48,Salary,941.17,Dining Out,Negative,7.7,Low,220.28,0,0,0,0,220.27999999999975,2019,3,0.24031799609166815,0.8155237756854384,0.9246184381630279
2023-03-11,1128,4797.98,3844.56,0.3,3441.53,normal,685.0,0.18,615.87,331.69,6,665.9,83,0,783.88,2484.2,Salary,1231.69,Dining Out,Positive,89.1,Low,953.42,0,0,0,0,953.4199999999996,2023,3,0.203893293380777,0.6461597686081112,0.8012872083668544
2023-08-08,1152,4001.96,1599.82,0.36,3159.82,normal,758.0,0.51,512.79,390.54,5,267.73,27,0,236.77,2706.4,Salary,1337.23,Rent,Neutral,93.0,High,2402.14,0,0,0,0,2402.1400000000003,2023,8,0.14799789976372343,1.6916903151604556,0.39975911803216424
2022-02-14,1534,4393.54,3511.84,0.36,2752.58,normal,688.0,0.26,466.63,396.53,3,1939.31,47,0,197.56,2114.79,Mixed,1498.16,Entertainment,Negative,41.2,High,881.7,0,0,0,0,881.6999999999998,2022,2,0.05625541026926056,0.6021885962914028,0.7993190001684292
2023-03-11,1490,4633.39,2550.73,0.4,2841.49,normal,658.0,0.45,712.69,338.74,4,798.63,37,0,844.85,1887.72,Salary,1721.65,Entertainment,Positive,85.0,Low,2082.66,0,0,0,0,2082.6600000000003,2023,3,0.3312189059602545,0.7400704896245388,0.5505105333244126
2019-07-30,1964,3119.97,2867.39,0.39,2903.96,normal,689.0,0.15,88.74,223.52,2,1310.95,72,0,278.75,2877.75,Salary,1392.31,Insurance,Positive,93.5,Low,252.58,0,0,0,0,252.57999999999993,2019,7,0.09721384255368122,1.003613041825493,0.9190440933726927
2019-07-30,1406,4907.74,4052.07,0.16,3173.14,normal,601.0,0.53,527.73,490.53,6,0.0,80,0,306.43,3244.13,Mixed,937.35,Entertainment,Positive,12.8,Low,855.67,0,0,0,0,855.6699999999996,2019,7,0.07562307660035487,0.8006105521375494,0.8256488730046825
2020-09-22,1693,3652.81,2241.96,0.28,2866.02,normal,716.0,0.54,389.56,372.83,3,1754.21,40,0,673.19,2075.77,Freelance,1011.85,Dining Out,Negative,15.6,Low,1410.85,0,0,0,0,1410.85,2020,9,0.30026851504933183,0.9258728969294724,0.6137631029262404
2021-07-19,1523,4430.53,3054.13,0.06,3221.31,normal,702.0,0.59,471.15,709.62,8,1357.61,69,0,334.26,2069.55,Salary,1197.27,Investments,Positive,70.4,Low,1376.4,0,0,0,0,1376.3999999999996,2021,7,0.10944524299882454,0.6776234148513652,0.6893373930432702
2023-09-07,1626,4088.05,3161.43,0.3,3451.91,normal,657.0,0.28,745.27,751.72,8,66.51,85,0,460.52,1144.4,Salary,1528.61,Insurance,Positive,32.1,Medium,926.62,0,0,0,0,926.6200000000003,2023,9,0.1456682577188171,0.3619880876691877,0.7733344748718826
2022-09-12,1692,3067.71,3713.18,0.24,2657.7,normal,666.0,0.35,718.05,475.5,2,1129.23,22,0,475.02,1512.35,Salary,1579.1,Dining Out,Neutral,3.2,Low,0.0,0,0,0,0,-645.4699999999998,2022,9,0.12792808320630833,0.40729240166110986,1.2104077634456971
2019-05-31,1919,3911.17,2421.84,0.25,3203.99,normal,721.0,0.47,545.84,426.5,4,984.89,94,0,505.98,2212.8,Mixed,1256.08,Utilities,Positive,53.6,Low,1489.33,0,0,0,0,1489.33,2019,5,0.208923793479338,0.9136854622931325,0.619211131196036
2019-12-27,1978,3409.21,2482.21,0.13,3487.54,normal,654.0,0.11,491.2,705.43,2,1561.27,57,0,310.48,1795.41,Freelance,1166.45,Education,Positive,24.3,Medium,927.0,0,0,0,0,927.0,2019,12,0.12508208411053054,0.7233110816570717,0.7280894987401774
2019-05-01,1054,4581.38,3670.36,0.21,2684.65,normal,733.0,0.6,398.27,1047.18,3,828.45,60,0,510.7,2073.95,Mixed,1215.9,Utilities,Positive,19.7,Low,911.02,0,0,0,0,911.02,2019,5,0.13914166457786156,0.5650535642280321,0.8011472525745518
2020-06-24,1747,1876.64,4276.5,0.23,1681.78,normal,716.0,0.43,899.33,313.01,6,1077.59,35,0,670.36,1882.99,Salary,1160.24,Rent,Positive,55.9,Medium,0.0,0,0,0,0,-2399.8599999999997,2020,6,0.1567543551970069,0.4403110019876067,2.2788068036490747
2022-07-14,1175,2562.91,3346.14,0.17,2508.7,normal,718.0,0.34,604.48,101.87,1,876.18,67,0,213.1,2898.74,Salary,1311.67,Entertainment,Positive,12.5,Low,0.0,0,0,0,0,-783.23,2022,7,0.06368532099673056,0.8662936996061132,1.305601835413651
2023-04-10,1448,2644.59,3200.5,0.28,2069.0,normal,669.0,0.19,372.12,352.22,8,808.17,20,0,393.55,1994.56,Freelance,1918.38,Dining Out,Positive,74.1,Low,0.0,0,0,0,0,-555.9099999999999,2023,4,0.1229651616934854,0.6232026245899078,1.2102064970373478
2019-05-01,1305,6093.49,2460.77,0.27,2312.77,normal,634.0,0.39,558.56,363.44,5,135.52,31,0,622.32,1968.09,Freelance,782.82,Healthcare,Positive,51.4,Low,3632.72,1,0,0,0,3632.72,2019,5,0.2528964511108312,0.7997862457686009,0.40383589699827194
2023-10-07,1137,3688.64,2393.49,0.18,2847.23,normal,664.0,0.52,207.58,192.45,9,1857.33,62,0,542.26,2242.48,Salary,1443.14,Entertainment,Positive,76.8,Low,1295.15,0,0,0,0,1295.15,2023,10,0.22655620036014357,0.9369080296972204,0.6488814305543507
2021-08-18,1331,3714.16,3752.83,0.18,2903.44,normal,634.0,0.54,28.62,192.2,9,1023.73,44,0,739.31,2041.09,Salary,1669.49,Entertainment,Positive,75.5,Low,0.0,0,0,0,0,-38.67000000000007,2021,8,0.1970006634992792,0.5438802183951844,1.0104115062355956
2020-09-22,1566,1576.0,3467.34,0.07,2840.64,normal,637.0,0.6,406.19,395.14,5,1847.37,94,1,516.39,2749.87,Salary,1870.47,Transportation,Positive,78.4,Low,0.0,0,0,0,0,-1891.3400000000001,2020,9,0.1489297271106958,0.7930776906793103,2.20008883248731
2022-01-15,1223,4476.38,3222.82,0.4,1749.03,normal,634.0,0.57,672.52,367.22,6,954.26,99,0,526.51,2059.92,Salary,1175.16,Healthcare,Negative,31.8,Low,1253.56,0,0,0,0,1253.56,2022,1,0.163369347341769,0.6391669407537498,0.7199612186632949
2022-11-11,1634,3618.52,2967.77,0.22,2755.62,normal,628.0,0.52,343.49,566.83,3,1138.39,97,0,107.12,2406.85,Salary,1811.99,Investments,Neutral,54.2,Low,650.75,0,0,0,0,650.75,2022,11,0.03609444128082702,0.8109961351452437,0.8201612814078684
2020-02-25,1896,4503.57,3132.76,0.06,3073.21,normal,645.0,0.34,539.49,379.39,7,435.69,46,0,709.61,1000.0,Salary,1388.84,Groceries,Positive,76.5,Low,1370.81,0,0,0,0,1370.8099999999995,2020,2,0.2265127236047447,0.31920734432257813,0.6956170327096061
2023-06-09,1746,2675.59,3161.37,0.21,3754.86,normal,679.0,0.21,306.99,418.89,9,134.48,54,0,248.63,1759.86,Salary,1496.01,Utilities,Positive,46.2,High,0.0,0,0,0,0,-485.77999999999975,2023,6,0.07864628309878312,0.5566763776464001,1.1815599550005793
2022-12-11,1983,3549.62,2797.15,0.07,2304.84,normal,690.0,0.16,639.79,313.85,7,713.24,94,0,722.47,2522.92,Salary,906.81,Insurance,Positive,71.6,High,752.47,0,0,0,0,752.4699999999998,2022,12,0.25828790018411596,0.9019609245124501,0.7880139282514749
2021-08-18,1635,4738.71,3476.76,0.19,3029.09,normal,654.0,0.38,444.23,537.72,9,535.8,61,0,998.72,1191.26,Salary,1558.8,Groceries,Positive,14.0,Medium,1261.95,0,0,0,0,1261.9499999999998,2021,8,0.2872559509428318,0.3426350970443746,0.7336933469235298
2019-12-27,1453,5447.32,3872.62,0.31,2622.29,normal,745.0,0.5,392.34,395.52,4,1255.79,93,0,200.49,2157.19,Mixed,662.55,Transportation,Positive,87.3,Medium,1574.7,0,0,0,0,1574.6999999999998,2019,12,0.05177115234647345,0.55703632166337,0.7109220680995425
2022-08-13,1910,3271.42,2694.31,0.3,2077.23,normal,687.0,0.42,388.6,612.67,2,1594.2,61,0,448.33,1374.72,Salary,1060.46,Rent,Positive,2.9,Low,577.11,0,0,0,0,577.1100000000001,2022,8,0.1663988182503127,0.510230819764615,0.8235903674856789
2023-07-09,1201,3883.83,3041.49,0.12,3322.87,normal,694.0,0.24,631.3,237.93,5,1983.97,93,0,302.36,2766.93,Freelance,907.76,Insurance,Positive,11.2,Low,842.34,0,0,0,0,842.3400000000001,2023,7,0.09941180145257753,0.9097284554609747,0.7831161508098964
2022-08-13,1491,3598.39,3003.42,0.14,2793.03,normal,652.0,0.5,594.12,602.97,3,920.91,44,0,397.14,1625.5,Mixed,1770.26,Dining Out,Positive,50.4,Low,594.97,0,0,0,0,594.9699999999998,2022,8,0.13222925864514454,0.5412163466980975,0.834656610317392
2023-08-08,1596,4472.59,3789.99,0.24,2348.01,normal,757.0,0.33,543.4,720.54,3,1153.85,88,0,119.54,1201.72,Freelance,814.9,Education,Positive,4.1,Low,682.6,0,0,0,0,682.6000000000004,2023,8,0.03154098031920929,0.31707735376610496,0.8473814948385611
2021-06-19,1891,4200.93,2412.25,0.27,3061.44,normal,544.0,0.55,1021.44,44.1,3,1969.86,98,0,344.11,2701.03,Salary,770.85,Groceries,Negative,32.1,Low,1788.68,0,0,0,0,1788.6800000000003,2021,6,0.142651051922479,1.1197139599958545,0.5742180898039243
2019-11-27,1226,4788.35,3338.91,0.19,2105.19,normal,750.0,0.37,517.34,525.99,1,1218.2,70,0,749.14,2412.41,Salary,1499.56,Utilities,Positive,33.4,Low,1449.44,0,0,0,0,1449.4400000000005,2019,11,0.22436663462028028,0.7225142336870416,0.6972986519364708
2022-04-15,1426,2018.66,3057.77,0.12,2906.5,normal,785.0,0.22,496.1,466.62,7,1093.09,60,0,536.28,2902.44,Salary,1619.35,Investments,Positive,57.5,Medium,0.0,0,0,0,0,-1039.11,2022,4,0.17538271354614637,0.9492015423004346,1.5147523604767519
2019-07-30,1387,4298.25,4202.56,0.28,3467.47,normal,629.0,0.5,294.49,498.57,8,1768.46,90,0,468.41,1058.61,Salary,1291.15,Rent,Negative,41.1,Medium,95.69,0,0,0,0,95.6899999999996,2019,7,0.1114582540165994,0.2518964631082007,0.9777374512883151
2022-10-12,1290,3574.91,3462.02,0.39,3199.02,normal,641.0,0.34,428.94,527.66,6,0.0,69,0,479.37,2878.42,Freelance,1054.46,Rent,Positive,47.9,Low,112.89,0,0,0,0,112.88999999999987,2022,10,0.13846540459038365,0.8314278946973155,0.9684215826412413
2019-08-29,1212,3982.15,1987.45,0.12,2288.14,normal,666.0,0.56,514.24,158.99,2,1228.02,48,0,154.93,1286.58,Freelance,781.28,Entertainment,Positive,70.7,Low,1994.7,0,0,0,0,1994.7,2019,8,0.07795416236886463,0.6473521346448967,0.4990896877315018
2020-07-24,1775,4107.0,2575.75,0.16,3011.21,normal,563.0,0.5,705.39,482.41,1,0.0,97,0,475.52,3147.18,Salary,1019.72,Education,Neutral,27.9,Medium,1531.25,0,0,0,0,1531.25,2020,7,0.1846141900417354,1.22184994661749,0.6271609447285122
2022-09-12,1553,5558.89,1461.78,0.16,3851.46,normal,593.0,0.57,224.51,166.73,1,1234.22,35,0,409.61,2376.26,Freelance,1331.74,Dining Out,Neutral,98.6,Medium,4097.11,1,0,0,0,4097.110000000001,2022,9,0.2802131647717167,1.6255934545554052,0.26296256986556665
2021-04-20,1642,3883.98,4760.54,0.33,1777.72,normal,578.0,0.45,448.72,315.16,8,814.04,93,0,585.99,2390.49,Salary,1385.15,Education,Positive,48.7,Low,0.0,0,0,0,0,-876.56,2021,4,0.12309317850495953,0.5021468152772585,1.225686023100016
2023-03-11,1092,4016.66,2798.32,0.23,2812.22,normal,738.0,0.19,687.45,518.16,2,0.0,46,0,632.63,1340.23,Salary,1597.87,Dining Out,Neutral,78.4,High,1218.34,0,0,0,0,1218.3399999999997,2023,3,0.2260749306726893,0.4789409359901655,0.6966783347358253
2020-10-22,1045,3951.81,3257.29,0.36,1788.06,normal,708.0,0.41,393.0,67.54,7,1100.02,71,0,293.5,2767.74,Salary,867.53,Transportation,Positive,13.0,High,694.52,0,0,0,0,694.52,2020,10,0.09010557856377541,0.8497063509850212,0.8242526842130568
2023-02-09,1368,3393.56,3409.64,0.4,3043.73,normal,614.0,0.19,415.4,249.76,4,1264.6,96,0,626.21,3048.68,Mixed,920.01,Education,Neutral,41.1,Low,0.0,0,0,0,0,-16.079999999999927,2023,2,0.18365868537440905,0.8941354512499853,1.0047383868268132
2020-11-21,1748,4189.94,3390.29,0.14,2765.45,normal,694.0,0.46,349.39,538.44,4,131.29,25,0,457.51,2280.0,Salary,1688.33,Healthcare,Positive,50.9,High,799.65,0,0,0,0,799.6499999999996,2020,11,0.13494715791274492,0.6725088414265447,0.8091500116946783
2021-06-19,1357,4631.16,3209.93,0.26,3323.56,normal,660.0,0.36,252.19,623.3,6,1044.59,32,0,279.49,1364.2,Salary,1515.69,Insurance,Negative,53.4,Low,1421.23,0,0,0,0,1421.23,2021,6,0.08707043455776295,0.42499369145121546,0.6931157636531668
2019-01-31,1478,2733.02,3121.64,0.18,2019.2,normal,669.0,0.6,664.38,45.75,9,1460.63,44,0,392.16,1831.01,Salary,723.41,Entertainment,Positive,95.1,Low,0.0,0,0,0,0,-388.6199999999999,2019,1,0.1256262733691265,0.5865538627131892,1.1421943491083124
2019-10-28,1466,4775.91,4227.82,0.16,3301.0,normal,601.0,0.15,456.07,299.99,5,435.04,56,0,120.68,2814.52,Freelance,1328.93,Healthcare,Positive,31.4,Low,548.09,0,0,0,0,548.0900000000001,2019,10,0.0285442615816189,0.6657142451665398,0.8852386246809508
2022-05-15,1444,4332.24,2780.15,0.29,2623.59,normal,644.0,0.46,483.52,778.61,2,1272.99,93,0,536.34,2494.98,Salary,300.0,Education,Positive,64.7,Low,1552.09,0,0,0,0,1552.0899999999997,2022,5,0.1929176483283276,0.8974263978562308,0.6417349915978802
2021-12-16,1220,4908.88,3075.61,0.17,2517.83,normal,751.0,0.27,218.68,354.38,5,418.57,20,0,480.76,1608.67,Freelance,643.97,Investments,Negative,83.3,High,1833.27,0,0,0,0,1833.27,2021,12,0.15631370687440865,0.5230409577287107,0.6265400661658057
2021-10-17,1026,5545.12,2705.48,0.24,3874.76,normal,722.0,0.15,502.38,476.52,9,1544.95,91,0,265.47,3119.43,Salary,1202.94,Groceries,Positive,86.1,Medium,2839.64,0,0,0,0,2839.64,2021,10,0.09812306873456837,1.153004272809261,0.48790287676371297
2019-03-02,1859,3265.31,2146.34,0.17,3762.62,normal,735.0,0.14,812.44,824.93,6,1404.68,80,0,535.01,2356.9,Salary,462.49,Groceries,Positive,30.4,Medium,1118.97,0,0,0,0,1118.9699999999998,2019,3,0.249266192681495,1.098101885069467,0.6573158444374347
2022-11-11,1950,6575.88,2749.9,0.06,2244.91,normal,712.0,0.53,573.89,443.84,2,1760.12,63,0,639.52,2563.99,Salary,1422.68,Insurance,Neutral,10.7,Low,3825.98,1,1,0,0,3825.98,2022,11,0.2325611840430561,0.9323939052329174,0.41817977213696117
2019-09-28,1038,3705.56,2972.45,0.18,2874.56,normal,692.0,0.11,686.14,0.0,4,1420.62,77,0,47.46,1052.47,Salary,1347.05,Groceries,Negative,97.4,Medium,733.11,0,0,0,0,733.1100000000001,2019,9,0.015966626856633418,0.35407492136116675,0.8021594576798109
2021-09-17,1989,5329.29,2140.66,0.14,2394.66,normal,703.0,0.51,375.64,0.0,1,987.64,26,0,552.32,2568.68,Freelance,968.17,Healthcare,Negative,69.4,Medium,3188.63,1,0,0,0,3188.63,2021,9,0.25801388356861904,1.199947679687573,0.4016782723402179
2022-11-11,1199,3450.7,2302.19,0.16,2957.13,normal,657.0,0.42,436.23,608.75,1,1398.63,45,0,430.86,2232.47,Salary,1398.47,Education,Neutral,37.7,Low,1148.51,0,0,0,0,1148.5099999999998,2022,11,0.18715223330828473,0.9697157923542365,0.6671660822441824
2019-09-28,1938,3381.06,2417.67,0.33,2632.84,normal,697.0,0.14,155.8,392.1,8,766.2,58,0,196.61,2723.06,Salary,1095.73,Dining Out,Positive,83.2,Low,963.39,0,0,0,0,963.3899999999999,2019,9,0.08132209937667259,1.1263158330127767,0.7150627318060017
2022-08-13,1519,5455.07,2837.07,0.2,2297.22,normal,754.0,0.14,233.27,532.26,5,1470.04,42,0,470.47,2678.14,Freelance,1122.42,Transportation,Negative,40.3,Low,2618.0,1,0,0,0,2617.9999999999995,2022,8,0.16582953540095943,0.9439809380804843,0.5200794856894596
2022-01-15,1903,5708.64,3088.06,0.36,3827.28,normal,658.0,0.51,761.11,608.42,4,33.89,74,0,359.77,1108.42,Freelance,1132.04,Transportation,Positive,61.9,Low,2620.58,0,0,0,0,2620.5800000000004,2022,1,0.11650356534523293,0.35893732634728603,0.5409449536141707
2021-11-16,1335,4374.48,4704.11,0.2,2581.05,normal,666.0,0.28,791.63,275.37,9,543.07,51,0,163.42,2079.27,Freelance,1375.16,Dining Out,Positive,48.0,High,0.0,0,0,0,0,-329.6300000000001,2021,11,0.0347398338899388,0.44201134752376114,1.0753529562370843
2023-07-09,1876,4342.3,3491.66,0.29,2995.77,normal,615.0,0.21,640.89,352.05,2,452.29,49,0,280.95,1873.48,Salary,1713.66,Utilities,Negative,5.0,Low,850.64,0,0,0,0,850.6400000000003,2023,7,0.08046316078885114,0.5365585423552122,0.8041038159500725
2019-07-30,1671,4480.08,2618.86,0.08,3506.07,normal,713.0,0.38,554.22,235.42,5,1267.36,33,0,166.91,2340.28,Freelance,1334.49,Utilities,Positive,46.1,Low,1861.22,0,0,0,0,1861.2199999999998,2019,7,0.0637338383876954,0.8936254706246229,0.5845565257763254
2023-10-07,1149,5549.63,3175.02,0.15,2398.82,normal,595.0,0.52,586.84,641.09,9,1166.62,89,0,599.47,2879.58,Salary,1092.28,Entertainment,Positive,45.0,Low,2374.61,0,0,0,0,2374.61,2023,10,0.18880825947553087,0.906948617646503,0.5721138165967821
2022-11-11,1550,2687.96,3789.69,0.2,3631.85,normal,625.0,0.36,476.73,554.51,2,1289.46,92,0,559.46,1003.98,Salary,1134.09,Investments,Neutral,37.6,High,0.0,0,0,0,0,-1101.73,2022,11,0.14762685074504775,0.26492404391915964,1.4098758910102829
2023-07-09,1482,4848.42,2249.99,0.35,4187.3,normal,660.0,0.19,209.79,818.79,6,973.52,85,0,606.61,2530.02,Salary,1299.04,Healthcare,Positive,71.2,Low,2598.43,0,0,0,0,2598.4300000000003,2023,7,0.2696056426917453,1.1244583309259153,0.4640666443913687
2020-01-26,1182,3503.81,2708.25,0.24,2741.25,normal,782.0,0.5,508.9,78.58,4,590.89,87,0,386.19,2282.18,Salary,1514.94,Healthcare,Positive,74.9,Low,795.56,0,0,0,0,795.56,2020,1,0.1425976183882581,0.8426770054463214,0.7729443091948479
2019-04-01,1696,3795.48,3221.45,0.39,3042.96,normal,698.0,0.18,331.65,592.86,2,0.0,56,0,302.12,2396.24,Salary,1583.57,Transportation,Positive,59.2,High,574.03,0,0,0,0,574.0300000000002,2019,4,0.09378385509630757,0.7438389545080631,0.8487595771812787
2020-10-22,1971,3400.45,2751.58,0.29,3033.65,normal,767.0,0.51,374.47,0.0,2,941.59,39,0,798.83,2362.15,Salary,1239.84,Transportation,Neutral,1.7,Medium,648.87,0,0,0,0,648.8699999999999,2020,10,0.2903168361450512,0.8584704060939533,0.8091811377905865
2021-08-18,1205,1748.43,3125.37,0.27,2301.86,normal,607.0,0.26,483.25,872.87,6,712.72,21,0,609.9,2562.16,Salary,1358.62,Utilities,Negative,22.6,High,0.0,0,0,0,0,-1376.9399999999998,2021,8,0.1951448948444504,0.8197941363742532,1.7875293835040578
2021-04-20,1176,3027.25,1786.86,0.35,2487.53,normal,789.0,0.4,524.13,0.0,8,1565.65,99,0,450.17,1929.83,Salary,634.21,Transportation,Neutral,20.8,High,1240.39,0,0,0,0,1240.39,2021,4,0.25193355942827084,1.0800118643878087,0.5902584854240647
2019-03-02,1795,3643.19,2620.77,0.36,3156.53,normal,662.0,0.45,355.39,302.54,2,1024.65,31,0,369.29,2810.98,Salary,1314.64,Insurance,Positive,88.1,Low,1022.42,0,0,0,0,1022.4200000000001,2019,3,0.14090896950132978,1.07257790649313,0.7193613289452375
2021-11-16,1848,3699.45,1747.07,0.18,2596.34,normal,673.0,0.46,447.79,319.56,6,655.65,75,0,474.01,2272.98,Freelance,1371.17,Entertainment,Positive,11.6,Medium,1952.38,0,0,0,0,1952.3799999999999,2021,11,0.27131711952011084,1.3010240001831639,0.47225128059576427
2021-01-20,1632,3835.88,3787.06,0.21,2630.93,normal,744.0,0.35,887.31,1.16,4,188.05,58,0,509.11,3162.9,Salary,403.7,Groceries,Positive,15.2,Low,48.82,0,0,0,0,48.820000000000164,2021,1,0.13443409927489927,0.8351861338346898,0.9872728031116719
2020-03-26,1681,5312.2,2953.76,0.16,2769.19,normal,675.0,0.32,233.87,523.38,8,1204.45,34,0,636.6,1265.21,Salary,1649.06,Groceries,Neutral,14.4,Low,2358.44,0,0,0,0,2358.4399999999996,2020,3,0.21552191105573912,0.4283387952981962,0.5560332818794473
2021-12-16,1005,4621.77,3289.25,0.05,2779.03,normal,767.0,0.3,612.69,405.21,6,149.31,35,0,711.91,2145.24,Mixed,680.52,Healthcare,Positive,46.1,Low,1332.52,0,0,0,0,1332.5200000000004,2021,12,0.2164353576043171,0.6521973094170402,0.7116862154542523
2022-09-12,1751,4442.6,2505.46,0.39,2313.12,normal,652.0,0.26,213.09,584.42,7,1005.76,99,0,952.07,3124.05,Salary,646.58,Entertainment,Positive,25.7,Low,1937.14,0,0,0,0,1937.1400000000003,2022,9,0.3799980841841418,1.2468967774380753,0.5639625444559492
2019-08-29,1649,4543.47,2187.26,0.09,2771.86,normal,698.0,0.3,399.66,80.53,7,1582.48,37,0,439.06,2190.55,Salary,730.39,Groceries,Positive,70.8,Low,2356.21,0,0,0,0,2356.21,2019,8,0.20073516637253913,1.0015041650283916,0.48140738246318343
2020-06-24,1772,4398.16,2171.24,0.09,2223.14,normal,738.0,0.25,577.78,256.25,2,1943.22,68,0,217.05,2566.93,Salary,1338.46,Rent,Negative,21.9,Low,2226.92,1,0,0,0,2226.92,2020,6,0.09996591809288703,1.1822414841288849,0.49367008021536274
2021-05-20,1222,2599.55,3789.75,0.33,3159.22,normal,661.0,0.54,711.83,613.68,6,1012.33,43,0,566.23,2455.42,Salary,863.18,Utilities,Positive,17.4,Low,0.0,0,0,0,0,-1190.1999999999998,2021,5,0.1494109110099611,0.6479108120588429,1.457848473774307
2023-05-10,1410,4529.43,4450.72,0.32,2843.32,normal,706.0,0.3,509.29,314.07,9,1267.85,76,0,68.48,2386.27,Salary,1395.53,Rent,Positive,31.1,Medium,78.71,0,0,0,0,78.71000000000004,2023,5,0.015386274580292627,0.5361537009742243,0.9826225374936802
2020-10-22,1218,5178.3,3616.94,0.25,2578.88,normal,592.0,0.44,444.85,358.61,7,1614.76,38,0,50.53,2444.37,Freelance,769.02,Utilities,Negative,61.3,Medium,1561.36,0,0,0,0,1561.3600000000001,2020,10,0.01397037274602288,0.6758115976488412,0.6984801962033872
2019-11-27,1522,5263.61,1126.55,0.18,2626.09,normal,660.0,0.28,417.03,615.24,8,903.41,57,0,485.23,1683.85,Freelance,1230.79,Transportation,Negative,19.8,Low,4137.06,1,0,0,0,4137.0599999999995,2019,11,0.4307221161954641,1.4946961963516932,0.21402611515670805
2020-01-26,1354,3915.46,989.71,0.28,2528.49,normal,652.0,0.17,497.58,507.24,4,703.28,48,0,587.58,3454.97,Salary,1319.73,Healthcare,Positive,24.3,Medium,2925.75,1,0,1,0,2925.75,2020,1,0.5936890604318437,3.4908912711804465,0.2527697895011059
2020-10-22,1212,4754.98,2735.61,0.25,2969.1,normal,633.0,0.21,666.56,477.38,5,726.0,64,0,580.17,2177.99,Mixed,1645.7,Dining Out,Positive,18.8,Low,2019.37,0,0,0,0,2019.3699999999994,2020,10,0.21208066939366355,0.7961624646788101,0.5753147226697064
2019-07-30,1982,3833.63,3068.96,0.12,2000.9,normal,732.0,0.38,403.66,667.91,7,926.53,27,0,233.27,2619.04,Salary,945.82,Rent,Neutral,46.2,High,764.67,0,0,0,0,764.6700000000001,2019,7,0.07600946248892133,0.8533965903758928,0.8005363063206412
2019-05-31,1398,3385.86,3183.63,0.19,3148.88,normal,681.0,0.39,365.82,184.79,5,649.75,29,0,383.86,2559.81,Salary,1401.25,Utilities,Positive,25.4,Medium,202.23,0,0,0,0,202.23000000000002,2019,5,0.12057305654237459,0.80405386304313,0.9402721908171041
2019-03-02,1592,3396.54,2905.66,0.06,1994.39,normal,657.0,0.33,758.64,567.45,8,1139.14,48,0,611.24,2083.19,Mixed,1302.25,Rent,Positive,69.6,Low,490.88,0,0,0,0,490.8800000000001,2019,3,0.21036184550153839,0.7169421060963774,0.8554764554517243
2019-09-28,1773,3354.24,3694.49,0.25,2493.17,normal,644.0,0.57,792.28,34.77,5,162.94,85,0,0.0,2872.78,Salary,1182.78,Rent,Negative,28.5,Low,0.0,0,0,0,0,-340.25,2019,9,0.0,0.7775849982000222,1.101438775996947
2023-01-10,1807,4385.93,2446.52,0.37,2618.46,normal,718.0,0.19,608.8,249.26,9,1121.99,31,0,389.61,2473.45,Salary,1307.07,Education,Positive,50.0,High,1939.41,0,0,0,0,1939.4100000000003,2023,1,0.1592506907771038,1.0110074718375488,0.5578110001755614
2019-01-01,1653,5651.4,3416.37,0.11,2165.29,normal,704.0,0.41,521.18,268.36,3,679.87,22,1,660.94,1000.0,Salary,984.35,Insurance,Positive,84.5,Medium,2235.03,1,0,0,0,2235.0299999999997,2019,1,0.19346265187904121,0.29270834248046906,0.6045174646990127
2021-08-18,1495,3791.23,2182.44,0.1,2468.39,normal,620.0,0.4,407.04,331.81,6,263.94,82,0,810.9,2354.17,Freelance,1349.77,Healthcare,Positive,87.9,Medium,1608.79,0,0,0,0,1608.79,2021,8,0.37155660636718535,1.0786871574934478,0.5756548666263983
2020-11-21,1439,4381.57,3102.35,0.11,3022.66,normal,628.0,0.52,354.83,456.38,5,914.8,39,0,953.03,1807.13,Salary,1779.79,Insurance,Positive,76.0,Low,1279.22,0,0,0,0,1279.2199999999998,2020,11,0.30719615775138204,0.5825035859912647,0.7080452897020931
2021-08-18,1032,2835.01,3185.63,0.16,4201.34,normal,638.0,0.49,344.08,241.01,3,1216.4,71,0,366.24,2420.12,Salary,1537.45,Healthcare,Positive,17.4,Medium,0.0,0,0,0,0,-350.6199999999999,2021,8,0.11496627040805116,0.7596990234270772,1.12367504876526
2022-02-14,1580,3261.75,3296.65,0.15,3692.32,normal,712.0,0.43,346.92,608.3,2,1226.32,62,0,612.03,1480.1,Salary,379.36,Insurance,Positive,21.2,Medium,0.0,0,0,0,0,-34.90000000000009,2022,2,0.1856521013756389,0.4489709250299546,1.0106997777266804
2019-03-02,1175,4349.43,1616.64,0.16,2988.51,normal,666.0,0.26,647.78,428.98,7,1234.36,32,0,454.94,2144.88,Salary,573.25,Education,Positive,36.2,High,2732.79,0,0,0,0,2732.79,2019,3,0.28141082739509105,1.3267517814726841,0.37169008352818644
2021-07-19,1156,4750.44,3312.93,0.4,2444.19,normal,781.0,0.52,40.45,388.44,6,1143.81,41,0,497.51,2500.25,Salary,1719.79,Transportation,Positive,62.1,Low,1437.51,0,0,0,0,1437.5099999999998,2021,7,0.15017220406105775,0.754694484942332,0.6973943466289438
2020-04-25,1789,4438.58,2404.56,0.33,1888.02,normal,571.0,0.21,696.45,258.07,1,801.51,43,0,304.97,2676.6,Freelance,693.64,Dining Out,Positive,19.4,High,2034.02,1,0,0,0,2034.02,2020,4,0.12682985660578236,1.1131350434175067,0.5417408270212546
2023-11-06,1329,5344.28,2860.93,0.15,3085.08,normal,633.0,0.42,491.61,494.4,1,1745.29,71,0,505.87,2400.02,Freelance,864.91,Insurance,Positive,13.0,Medium,2483.35,0,0,0,0,2483.35,2023,11,0.1768201249244127,0.8388950446183584,0.5353256191666604
2019-05-31,1752,3889.28,1786.17,0.22,3815.38,normal,698.0,0.44,211.15,285.15,2,774.85,42,0,597.04,2463.0,Freelance,855.74,Entertainment,Positive,63.4,Medium,2103.11,0,0,0,0,2103.11,2019,5,0.3342570975886953,1.3789280975495053,0.4592546692446931
2021-05-20,1318,3073.53,2900.26,0.33,2697.23,normal,639.0,0.39,760.16,514.88,3,1455.76,67,0,548.34,1938.53,Salary,1136.74,Investments,Positive,1.1,Low,173.27,0,0,0,0,173.26999999999998,2021,5,0.18906580789308544,0.6683986952893878,0.9436250825597928
2021-10-17,1760,3273.03,4972.57,0.19,2089.53,normal,752.0,0.6,369.34,595.49,3,374.93,99,0,465.91,2604.53,Freelance,1014.43,Entertainment,Negative,14.5,Low,0.0,0,0,0,0,-1699.5399999999995,2021,10,0.09369601634567237,0.523779454085111,1.5192558577220494
2019-05-01,1579,3655.22,3146.22,0.36,3762.18,normal,704.0,0.4,578.86,0.0,2,1292.24,29,0,374.67,3015.8,Salary,999.03,Groceries,Positive,59.9,Medium,509.0,0,0,0,0,509.0,2019,5,0.11908576005492306,0.9585470818950996,0.8607470959340341
2022-02-14,1289,6760.38,3027.02,0.15,2402.42,normal,672.0,0.26,658.54,1020.97,4,1248.67,74,0,419.73,2098.87,Salary,1790.89,Education,Neutral,11.5,Low,3733.36,1,1,0,0,3733.36,2022,2,0.13866112546332698,0.6933783060567819,0.44775885379224245
2023-06-09,1516,3319.65,3477.78,0.24,2981.45,normal,743.0,0.32,374.91,94.32,4,0.0,88,0,491.15,1967.68,Salary,1414.09,Healthcare,Negative,33.8,Low,0.0,0,0,0,0,-158.1300000000001,2023,6,0.14122514937690134,0.5657862199449074,1.0476345397858209
2020-09-22,1237,4942.76,2125.28,0.25,3072.48,normal,718.0,0.55,381.53,575.14,6,1280.06,78,0,568.26,2819.31,Salary,1942.2,Entertainment,Positive,80.3,High,2817.48,0,0,0,0,2817.48,2020,9,0.2673812391778965,1.3265593239479032,0.4299783926389305
2020-07-24,1894,4149.28,3650.56,0.22,2296.33,normal,707.0,0.16,799.45,585.32,9,1436.62,89,0,499.07,1960.73,Salary,1245.96,Healthcare,Neutral,9.9,Low,498.72,0,0,0,0,498.7199999999998,2020,7,0.13671053208274894,0.5371038963884993,0.8798056530289593
2022-03-16,1171,4718.97,3348.12,0.28,3399.58,normal,713.0,0.37,552.89,817.77,5,1403.7,86,0,514.05,1995.95,Salary,750.6,Education,Positive,57.8,High,1370.85,0,0,0,0,1370.8500000000004,2022,3,0.1535339235152862,0.5961405206503949,0.7095022854563601
2023-09-07,1107,5057.78,2746.16,0.29,2405.93,normal,650.0,0.23,302.74,580.91,4,1144.99,47,0,972.89,1328.22,Mixed,464.1,Transportation,Negative,61.6,Low,2311.62,0,0,0,0,2311.62,2023,9,0.3542728755789903,0.4836644623765549,0.5429575821803242
2021-01-20,1736,5284.93,4356.18,0.12,2687.59,normal,637.0,0.27,571.41,146.92,6,1608.74,96,0,399.8,2329.55,Freelance,1068.35,Investments,Positive,8.2,High,928.75,0,0,0,0,928.75,2021,1,0.09177765840713653,0.5347689948532889,0.8242644651868615
2021-06-19,1158,3367.43,2730.8,0.2,3056.91,normal,684.0,0.23,271.27,303.36,5,1314.25,35,0,574.79,2215.08,Mixed,1051.34,Insurance,Negative,42.8,High,636.63,0,0,0,0,636.6299999999997,2021,6,0.21048410722132704,0.8111469166544601,0.8109448451786675
2019-10-28,1104,2087.6,2099.66,0.1,3183.14,normal,761.0,0.16,793.61,543.97,2,786.51,84,0,628.15,2384.62,Freelance,1223.87,Groceries,Positive,62.8,High,0.0,0,0,0,0,-12.059999999999945,2019,10,0.2991674842593563,1.1357172113580294,1.0057769687679632
2021-08-18,1584,4445.12,2184.64,0.18,3280.53,normal,710.0,0.56,533.8,461.62,5,1225.95,90,0,549.66,1733.09,Salary,2070.8,Insurance,Positive,62.2,High,2260.48,0,0,0,0,2260.48,2021,8,0.2516020946242859,0.7933069064010546,0.49146929666690664
2021-09-17,1704,4875.42,2179.69,0.18,2850.22,normal,783.0,0.25,276.25,235.28,5,1478.71,24,0,451.73,2603.85,Salary,1053.61,Transportation,Positive,38.4,Low,2695.73,0,0,0,0,2695.73,2021,9,0.207245066959063,1.1945964793158659,0.44707738000008207
2023-11-06,1321,4537.59,3100.27,0.24,2650.22,normal,546.0,0.17,779.36,214.66,2,942.52,89,0,333.35,1960.12,Mixed,1519.75,Healthcare,Positive,26.5,Low,1437.32,0,0,0,0,1437.3200000000002,2023,11,0.10752289316736931,0.6322417079802727,0.683241544520329
2023-06-09,1860,4325.35,3511.59,0.34,3236.06,normal,628.0,0.18,547.05,845.94,6,747.19,29,0,359.72,1471.13,Salary,1549.11,Groceries,Positive,75.2,Low,813.76,0,0,0,0,813.7600000000002,2023,6,0.10243792697894687,0.41893558188740715,0.8118626238339094
2023-04-10,1793,2943.37,2528.99,0.07,2459.96,normal,679.0,0.47,553.71,730.82,5,455.0,63,0,480.6,2645.2,Salary,621.11,Dining Out,Negative,11.6,Low,414.38,0,0,0,0,414.3800000000001,2023,4,0.19003633861739275,1.0459511504592742,0.8592157968587028
2022-10-12,1683,4431.8,2816.37,0.25,2584.6,normal,607.0,0.49,908.21,1089.91,9,831.46,55,0,774.05,2509.19,Salary,1433.18,Utilities,Positive,7.5,Low,1615.43,0,0,0,0,1615.4300000000003,2022,10,0.2748395984902552,0.8909305240433608,0.6354912225280924
2019-06-30,1841,5502.74,4024.48,0.37,3064.05,normal,567.0,0.31,435.03,624.49,6,1343.09,62,0,778.98,1213.66,Mixed,971.14,Groceries,Neutral,86.8,Low,1478.26,0,0,0,0,1478.2599999999998,2019,6,0.19356041028903112,0.3015693953007594,0.7313592864645613
2022-05-15,1608,3976.21,2736.73,0.08,2872.86,normal,692.0,0.31,508.76,793.09,3,646.01,90,0,682.41,2494.57,Freelance,1374.23,Insurance,Positive,54.0,High,1239.48,0,0,0,0,1239.48,2022,5,0.24935232923963999,0.9115148370500561,0.6882760216386962
2021-07-19,1650,3333.33,1497.29,0.2,3327.99,normal,580.0,0.48,650.2,489.97,5,1710.05,66,0,535.82,2799.71,Freelance,1353.84,Groceries,Neutral,35.3,Low,1836.04,0,0,0,0,1836.04,2021,7,0.3578598668260658,1.8698515317673932,0.4491874491874492
2019-05-01,1192,4126.46,3783.5,0.29,3327.16,normal,706.0,0.36,598.56,388.81,8,1631.07,75,0,645.25,2227.36,Freelance,1242.9,Insurance,Positive,2.1,Low,342.96,0,0,0,0,342.96000000000004,2019,5,0.17054314787894806,0.5887035813400291,0.9168875985711724
2023-09-07,1978,2788.49,2128.48,0.19,2728.76,normal,671.0,0.14,921.83,394.93,5,640.45,64,0,487.03,1893.97,Freelance,856.72,Entertainment,Positive,11.4,Low,660.01,0,0,0,0,660.0099999999998,2023,9,0.22881586860106742,0.8898227843343607,0.7633091744994603
2023-11-06,1848,4581.92,4121.99,0.39,2635.18,normal,680.0,0.51,475.71,81.65,3,2116.1,81,0,300.61,2129.07,Salary,1371.69,Dining Out,Positive,28.7,High,459.93,0,0,0,0,459.9300000000003,2023,11,0.0729283671236466,0.516515081307815,0.8996206830324405
2021-08-18,1720,3781.06,1485.48,0.26,2926.85,normal,708.0,0.55,434.83,31.68,4,821.38,38,0,874.03,1000.0,Salary,1687.68,Investments,Positive,66.7,Low,2295.58,0,0,0,0,2295.58,2021,8,0.5883822064248593,0.6731830788701295,0.39287395598059804
2021-02-19,1707,4475.73,3712.6,0.25,3709.59,normal,712.0,0.33,754.26,477.1,1,1177.57,99,0,677.15,2384.39,Salary,1489.97,Dining Out,Negative,16.9,High,763.13,0,0,0,0,763.1299999999997,2021,2,0.18239239347088293,0.6422426331950655,0.8294959704897302
2020-02-25,1127,4476.58,2590.74,0.27,1943.46,normal,719.0,0.28,400.97,286.24,7,151.45,36,0,477.34,1174.88,Salary,1810.68,Groceries,Positive,37.5,Medium,1885.84,0,0,0,0,1885.8400000000001,2020,2,0.18424851586805316,0.4534920524637749,0.5787319784299622
2020-06-24,1078,5640.42,3730.16,0.28,3145.3,normal,692.0,0.29,363.17,729.6,6,1088.89,36,0,582.11,2198.75,Salary,833.25,Insurance,Neutral,89.5,Low,1910.26,0,0,0,0,1910.2600000000002,2020,6,0.15605496815150022,0.5894519269950887,0.6613266387964016
2019-01-01,1288,2157.06,3956.38,0.06,3239.51,normal,618.0,0.49,267.83,740.34,4,0.0,70,0,446.96,3407.45,Mixed,1805.61,Utilities,Positive,43.2,Low,0.0,0,0,0,0,-1799.3200000000002,2019,1,0.11297195921524221,0.861254480105551,1.8341538946529072
2023-01-10,1224,2223.4,4052.87,0.24,1666.71,normal,748.0,0.23,302.07,125.3,7,0.0,27,0,462.78,2958.2,Freelance,885.91,Utilities,Positive,49.7,Low,0.0,0,0,0,0,-1829.4699999999998,2023,1,0.1141857498513399,0.729902513527451,1.8228254025366555
2022-04-15,1069,3730.53,4765.88,0.14,2893.48,normal,663.0,0.18,717.12,591.04,9,661.11,51,0,924.02,1294.58,Mixed,1830.5,Entertainment,Neutral,9.5,Low,0.0,0,0,0,0,-1035.35,2022,4,0.19388234701671045,0.27163503906938485,1.2775342913741479
2022-07-14,1514,5238.6,3181.18,0.19,2859.72,normal,714.0,0.53,210.34,232.09,6,653.61,91,0,360.5,2024.95,Salary,1343.61,Education,Positive,62.5,Low,2057.42,0,0,0,0,2057.4200000000005,2022,7,0.11332272930170566,0.6365405289860996,0.6072576642614438
2020-09-22,1617,3496.23,2432.22,0.3,2910.22,normal,630.0,0.36,967.21,490.58,5,996.5,52,0,668.63,2302.19,Salary,946.7,Rent,Positive,1.1,Medium,1064.01,0,0,0,0,1064.0100000000002,2020,9,0.2749052306123624,0.9465385532558733,0.6956693352554036
2020-07-24,1001,3542.3,2119.47,0.16,2765.1,normal,755.0,0.19,722.67,156.73,9,1793.11,74,0,424.14,1312.69,Freelance,1880.87,Investments,Positive,72.3,Low,1422.83,0,0,0,0,1422.8300000000004,2020,7,0.2001160667525372,0.6193482332847363,0.5983315924681704
2020-11-21,1856,3281.77,2937.27,0.09,2975.45,normal,621.0,0.22,91.88,625.54,6,1642.86,89,0,579.78,2982.26,Salary,1094.01,Dining Out,Positive,40.7,Low,344.5,0,0,0,0,344.5,2020,11,0.19738736990470743,1.0153169439649743,0.8950261596638399
2023-09-07,1729,5056.46,3923.15,0.33,2480.91,normal,656.0,0.21,649.64,593.42,9,392.56,41,0,260.82,2065.56,Mixed,721.74,Transportation,Neutral,81.0,Low,1133.31,0,0,0,0,1133.31,2023,9,0.06648229101614773,0.5265054866625033,0.7758688885109345
2021-05-20,1196,3260.1,3222.86,0.3,2911.17,normal,755.0,0.18,524.17,399.3,6,488.06,95,0,324.37,2662.79,Salary,1377.67,Education,Neutral,2.6,Low,37.24,0,0,0,0,37.23999999999978,2021,5,0.10064663063241965,0.8262195689542828,0.9885770375141868
2019-01-31,1331,3647.96,4097.17,0.06,2428.01,normal,755.0,0.43,278.47,468.21,6,1218.43,70,0,661.48,1910.69,Mixed,824.43,Transportation,Positive,14.8,Medium,0.0,0,0,0,0,-449.21000000000004,2019,1,0.1614480238798976,0.46634384221303976,1.1231400563602671
2019-01-31,1577,4532.96,2762.25,0.36,2286.6,normal,664.0,0.37,509.45,299.82,9,1262.0,92,0,366.62,2385.74,Salary,1465.27,Utilities,Neutral,19.1,Medium,1770.71,0,0,0,0,1770.71,2019,1,0.132725133496244,0.863694451986605,0.6093700363559352
2022-12-11,1658,3920.2,3895.1,0.32,2050.64,normal,643.0,0.1,396.79,268.89,9,562.28,44,0,453.98,2066.76,Salary,1147.76,Groceries,Positive,88.6,High,25.1,0,0,0,0,25.09999999999991,2022,12,0.11655156478652667,0.5306051192523941,0.9935972654456405
2019-03-02,1098,4662.97,3417.66,0.08,3560.39,normal,732.0,0.25,744.83,576.0,4,438.31,69,0,338.79,2004.38,Mixed,982.79,Transportation,Positive,31.4,Medium,1245.31,0,0,0,0,1245.3100000000004,2019,3,0.09912922877056232,0.5864772973320928,0.7329363045440995
2021-07-19,1521,3737.23,2423.81,0.11,2830.88,normal,671.0,0.11,327.37,545.56,3,488.43,42,0,671.32,2644.04,Salary,1420.81,Healthcare,Positive,12.1,Medium,1313.42,0,0,0,0,1313.42,2021,7,0.27696890432830956,1.0908610823455633,0.6485578891317901
2023-05-10,1641,5164.49,2819.56,0.17,2912.26,normal,625.0,0.31,13.68,347.32,7,926.23,94,0,450.66,2810.69,Mixed,888.95,Insurance,Neutral,52.0,Medium,2344.93,0,0,0,0,2344.93,2023,5,0.15983344919065387,0.9968541190824101,0.5459512943194779
2019-04-01,1634,4768.91,1688.52,0.25,2566.43,normal,741.0,0.34,325.55,431.18,8,803.24,95,0,710.79,1137.22,Salary,1376.58,Transportation,Neutral,53.2,Low,3080.39,1,0,0,0,3080.39,2019,4,0.4209544453130552,0.6735010541776231,0.35406833007961985
2022-04-15,1332,3077.62,2409.3,0.1,2064.75,normal,684.0,0.32,652.87,560.68,4,1376.33,85,0,705.04,2279.27,Freelance,1261.18,Groceries,Neutral,48.6,Low,668.32,0,0,0,0,668.3199999999997,2022,4,0.29263271489644294,0.946029967210393,0.7828451855654696
2023-06-09,1738,5741.66,2394.88,0.32,2947.47,normal,706.0,0.54,548.53,694.92,7,1337.56,72,0,412.24,3188.04,Salary,853.71,Dining Out,Positive,33.2,Medium,3346.78,1,0,0,0,3346.7799999999997,2023,6,0.1721338856226617,1.3311898717263495,0.4171058544044754
2022-07-14,1484,3812.68,2777.01,0.37,1808.35,normal,708.0,0.25,419.17,531.29,1,984.48,33,0,711.01,2347.32,Mixed,1152.65,Groceries,Neutral,23.7,Medium,1035.67,0,0,0,0,1035.6699999999996,2022,7,0.25603436789928735,0.8452688323052492,0.7283616773503153
2022-01-15,1968,3464.86,3484.6,0.19,3205.74,normal,667.0,0.23,236.69,332.75,3,1285.67,48,0,477.9,2175.25,Salary,1112.12,Utilities,Negative,73.2,High,0.0,0,0,0,0,-19.73999999999978,2022,1,0.13714630086667048,0.6242466854158296,1.005697199886864
2023-04-10,1661,4410.87,2966.3,0.34,3034.19,normal,580.0,0.3,261.98,0.0,8,324.28,29,0,716.17,3150.67,Salary,674.96,Dining Out,Positive,51.0,Medium,1444.57,0,0,0,0,1444.5699999999997,2023,4,0.24143545831507263,1.0621548730742,0.6724977158701119
2019-08-29,1411,3605.42,1967.19,0.12,3775.75,normal,632.0,0.31,460.33,802.34,7,669.82,85,0,752.72,2787.72,Salary,763.19,Education,Positive,67.1,Low,1638.23,0,0,0,0,1638.23,2019,8,0.38263716265332787,1.4171076510148992,0.5456202051356014
2023-10-07,1358,2303.02,3598.26,0.3,2229.49,normal,663.0,0.44,455.64,573.45,8,1127.97,64,0,708.84,2370.78,Salary,1711.78,Healthcare,Positive,99.0,Medium,0.0,0,0,0,0,-1295.2400000000002,2023,10,0.19699521435360423,0.6588684530856581,1.5624093581471286
2020-12-21,1086,4365.03,2724.51,0.29,2470.25,normal,666.0,0.16,463.51,310.59,5,670.92,35,0,516.07,1996.8,Mixed,906.64,Rent,Positive,15.0,Low,1640.52,0,0,0,0,1640.5199999999995,2020,12,0.1894175466414144,0.7329024301617538,0.624167531494629
2023-06-09,1186,5002.97,2638.45,0.06,3402.58,normal,689.0,0.39,522.86,381.0,1,762.97,43,0,807.95,3985.5,Salary,1930.57,Transportation,Negative,70.1,Medium,2364.52,0,0,0,0,2364.5200000000004,2023,6,0.30622145577896115,1.5105459644867252,0.5273767382174988
2021-02-19,1346,2903.77,1357.21,0.37,3195.68,normal,628.0,0.21,742.36,618.21,4,763.28,45,0,418.47,2379.46,Freelance,1538.14,Dining Out,Positive,22.3,Medium,1546.56,0,0,0,0,1546.56,2021,2,0.30833106151590395,1.7531995785471666,0.4673958336920624
2022-07-14,1202,5149.06,2468.15,0.29,3702.48,normal,642.0,0.22,194.01,572.51,3,1474.59,66,0,599.06,2590.47,Mixed,770.55,Entertainment,Neutral,62.8,Medium,2680.91,0,0,0,0,2680.9100000000003,2022,7,0.2427162044446245,1.049559386585094,0.47933991835402967
2021-11-16,1042,3741.08,3457.88,0.31,3756.28,normal,631.0,0.53,304.41,689.79,7,1674.05,57,0,721.31,2571.93,Salary,769.94,Groceries,Positive,14.6,Low,283.2,0,0,0,0,283.1999999999998,2021,11,0.20859891031499067,0.7437881013800363,0.9242999347781924
2021-06-19,1969,4012.58,2304.51,0.25,2901.53,normal,715.0,0.22,595.51,82.17,4,917.92,25,0,720.59,3054.16,Salary,1313.88,Investments,Positive,43.2,Medium,1708.07,0,0,0,0,1708.0699999999997,2021,6,0.3126868618491566,1.3252969177829559,0.5743212596384372
2023-11-06,1253,3540.81,3080.81,0.09,2182.71,normal,591.0,0.55,493.2,320.02,7,674.35,33,0,512.78,2341.85,Mixed,865.64,Insurance,Positive,75.6,Low,460.0,0,0,0,0,460.0,2023,11,0.16644324057634194,0.7601410018793758,0.8700862232088138
2020-05-25,1605,3942.37,4078.75,0.32,3336.25,normal,718.0,0.53,690.54,275.01,7,818.54,86,0,562.32,2412.97,Salary,1326.91,Healthcare,Positive,53.4,High,0.0,0,0,0,0,-136.3800000000001,2020,5,0.13786576769843703,0.5915954642966594,1.0345934044749732
2020-06-24,1016,3799.28,2473.61,0.09,2564.35,normal,632.0,0.14,520.33,586.04,6,252.32,76,0,706.2,1578.38,Salary,1290.59,Insurance,Positive,76.8,Low,1325.67,0,0,0,0,1325.67,2020,6,0.28549367119311453,0.638087653267896,0.6510733612684508
2020-01-26,1918,3907.04,3703.17,0.27,3478.79,normal,691.0,0.17,724.76,594.5,3,465.67,98,0,222.83,3042.43,Freelance,1685.33,Transportation,Neutral,23.7,Medium,203.87,0,0,0,0,203.8699999999999,2020,1,0.06017277089628616,0.8215744888838481,0.9478198329169909
2021-12-16,1505,3257.18,4136.18,0.16,2506.21,normal,747.0,0.31,586.96,106.42,8,1637.71,20,0,261.82,1829.9,Mixed,300.0,Dining Out,Neutral,27.4,High,0.0,0,0,0,0,-879.0000000000005,2021,12,0.0632999530968188,0.4424130477880556,1.2698653436408183
2019-11-27,1510,3379.99,3446.95,0.28,2849.9,normal,696.0,0.39,458.86,356.73,5,299.26,31,0,843.21,3100.23,Mixed,1596.99,Dining Out,Positive,13.3,Medium,0.0,0,0,0,0,-66.96000000000004,2019,11,0.24462495829646502,0.8994125241155224,1.0198107094991404
2021-08-18,1428,4652.2,1910.38,0.1,2867.1,normal,733.0,0.57,738.89,757.03,6,1258.17,39,0,431.44,2328.47,Salary,1420.29,Healthcare,Positive,13.2,Low,2741.82,0,0,0,0,2741.8199999999997,2021,8,0.22583988525843024,1.2188517467728932,0.4106401272516229
2021-07-19,1827,4257.04,2910.4,0.22,2668.49,normal,768.0,0.2,433.48,432.51,5,1602.32,73,0,627.22,2414.66,Salary,1235.73,Investments,Positive,85.0,Medium,1346.64,0,0,0,0,1346.6399999999999,2021,7,0.21550989554700384,0.82966602528862,0.6836675248529495
2020-04-25,1464,5234.63,2610.43,0.08,2292.47,normal,715.0,0.39,272.94,286.17,6,975.31,35,0,423.58,2285.03,Salary,300.0,Utilities,Negative,77.3,High,2624.2,1,0,0,0,2624.2000000000003,2020,4,0.1622644545151565,0.875346207329827,0.4986847207921094
2020-08-23,1171,2854.93,2346.82,0.08,3227.5,normal,702.0,0.3,570.15,613.62,3,1621.22,32,0,692.42,1866.95,Salary,1072.27,Dining Out,Negative,80.5,Medium,508.11,0,0,0,0,508.1099999999997,2020,8,0.29504606233115444,0.7955233038750309,0.8220236573225964
2019-04-01,1852,3232.93,2727.35,0.24,2978.26,normal,663.0,0.14,476.43,0.62,6,1340.01,98,0,313.98,2076.37,Freelance,881.98,Investments,Positive,90.4,Low,505.58,0,0,0,0,505.5799999999999,2019,4,0.11512273818908465,0.7613140961006105,0.8436155437946383
2020-11-21,1118,3863.43,3626.77,0.3,2313.28,normal,589.0,0.22,277.83,249.34,8,1011.75,39,0,381.46,2232.63,Salary,652.34,Education,Positive,46.2,Low,236.66,0,0,0,0,236.65999999999985,2020,11,0.10517898846632126,0.6155973497078668,0.9387435517144093
2020-09-22,1938,4161.1,4723.76,0.24,2600.89,normal,712.0,0.21,323.51,173.44,8,1406.45,39,0,604.8,2541.1,Freelance,1146.6,Education,Positive,4.6,Medium,0.0,0,0,0,0,-562.6599999999999,2020,9,0.12803360035226174,0.5379401155012109,1.1352190526543462
2021-09-17,1762,4400.61,2995.2,0.22,2811.45,normal,630.0,0.19,390.18,576.29,8,1005.54,92,0,836.01,1171.9,Mixed,1255.79,Rent,Neutral,14.4,Medium,1405.41,0,0,0,0,1405.4099999999999,2021,9,0.27911658653846155,0.39125934829059833,0.6806329122553464
2022-08-13,1666,6090.97,3400.06,0.13,2199.45,normal,627.0,0.44,522.38,629.31,6,810.0,41,0,388.33,1626.65,Freelance,844.15,Transportation,Negative,92.1,Low,2690.91,1,0,0,0,2690.9100000000003,2022,8,0.11421269036428769,0.47841802791715443,0.5582132238379108
2022-07-14,1279,4214.73,2630.2,0.35,3148.72,normal,736.0,0.32,289.09,257.43,8,782.28,37,0,728.23,2262.28,Salary,1473.49,Healthcare,Positive,26.2,Medium,1584.53,0,0,0,0,1584.5299999999997,2022,7,0.2768724811801384,0.8601171013611134,0.6240494646157643
2021-05-20,1929,2557.58,3116.78,0.06,2115.26,recession,685.0,0.47,517.01,371.61,2,1223.64,33,0,647.54,2443.87,Salary,1127.09,Education,Neutral,37.2,Low,0.0,0,0,0,0,-559.2000000000003,2021,5,0.20775929003651203,0.784100899004742,1.2186441870831022
2021-11-16,1659,3565.41,3692.28,0.06,3132.17,recession,666.0,0.35,482.65,123.35,7,216.58,59,0,501.54,2588.87,Freelance,964.59,Utilities,Neutral,84.1,Low,0.0,0,0,0,0,-126.87000000000035,2021,11,0.1358347687607657,0.7011575503482942,1.0355835654244534
2019-06-30,1785,4277.12,2554.34,0.07,3128.51,recession,648.0,0.37,967.68,397.2,8,1372.75,65,0,378.13,1572.15,Salary,1540.42,Entertainment,Positive,77.1,Medium,1722.78,0,0,0,0,1722.7799999999997,2019,6,0.14803432589240273,0.615481885731735,0.5972102723327847
2021-03-21,1271,2609.38,3289.32,0.25,3313.67,recession,716.0,0.35,345.44,220.63,7,860.84,37,0,535.4,2815.78,Salary,625.05,Rent,Positive,56.5,Medium,0.0,0,0,0,0,-679.94,2021,3,0.16276920457723784,0.8560371140539687,1.260575309077252
2022-08-13,1505,4102.74,2539.84,0.27,2763.23,recession,655.0,0.54,354.77,124.01,2,901.13,84,0,891.01,2263.92,Salary,1139.67,Entertainment,Positive,30.3,Medium,1562.9,0,0,0,0,1562.8999999999996,2022,8,0.3508134370669018,0.8913632354794002,0.6190594578257458
2023-05-10,1668,3391.57,3461.23,0.36,1957.95,recession,673.0,0.26,792.47,404.69,7,1406.8,26,1,244.88,1518.37,Mixed,1596.55,Education,Negative,21.4,Low,0.0,0,0,0,0,-69.65999999999985,2023,5,0.07074941567015194,0.4386793134232628,1.0205391603298766
2021-10-17,1271,4977.35,2036.96,0.29,3143.3,recession,753.0,0.6,349.66,621.65,4,843.86,83,0,294.19,2990.21,Mixed,757.51,Insurance,Positive,33.0,Medium,2940.39,0,0,0,0,2940.3900000000003,2021,10,0.14442600738355196,1.4679767889403816,0.40924588385385796
2021-06-19,1477,3897.53,3466.13,0.34,2947.79,recession,776.0,0.44,636.59,410.64,1,1205.41,72,0,683.09,1954.33,Salary,1887.04,Utilities,Negative,30.7,High,431.4,0,0,0,0,431.4000000000001,2021,6,0.19707570114219605,0.5638363246617986,0.8893145145771809
2022-03-16,1734,5105.01,2992.1,0.23,2244.41,recession,660.0,0.15,426.18,43.01,5,527.87,97,0,782.1,2109.54,Freelance,1285.6,Rent,Positive,3.8,High,2112.91,0,0,0,0,2112.9100000000003,2022,3,0.26138832258280137,0.7050365963704421,0.586110507129271
2021-07-19,1668,4114.49,3330.8,0.21,3513.54,recession,701.0,0.23,531.71,246.18,3,1577.94,43,0,235.47,2550.75,Salary,1353.75,Healthcare,Positive,47.8,Low,783.69,0,0,0,0,783.6899999999996,2021,7,0.07069472799327488,0.7658070133301309,0.809529249068536
2023-08-08,1941,4170.43,2618.63,0.14,3802.89,recession,669.0,0.2,510.04,790.35,6,500.54,24,0,494.61,2817.76,Salary,948.45,Groceries,Positive,0.2,Low,1551.8,0,0,0,0,1551.8000000000002,2023,8,0.1888812088763972,1.0760435800399446,0.6279040770376196
2019-10-28,1647,3287.92,2927.23,0.2,1804.6,recession,659.0,0.49,360.71,523.87,3,803.95,46,0,613.41,1411.17,Salary,1237.32,Investments,Negative,75.7,Low,360.69,0,0,0,0,360.69000000000005,2019,10,0.20955305869371385,0.48208374470062143,0.8902984257524514
2019-07-30,1345,3330.45,3342.94,0.29,3418.93,recession,813.0,0.31,662.7,508.25,9,871.36,67,0,528.41,2426.98,Freelance,992.91,Dining Out,Positive,26.9,Medium,0.0,0,0,0,0,-12.490000000000236,2019,7,0.15806744961022332,0.7260016632066385,1.0037502439610264
2020-08-23,1934,4430.2,3398.7,0.22,2466.19,recession,657.0,0.1,483.05,326.84,1,1563.43,99,0,304.14,2316.95,Salary,1843.11,Insurance,Positive,36.5,High,1031.5,0,0,0,0,1031.5,2020,8,0.08948715685409127,0.6817165386765528,0.7671662678885829
2020-10-22,1402,2814.68,3476.73,0.27,3102.03,recession,712.0,0.3,619.59,812.31,9,1060.82,50,0,521.62,1473.46,Salary,1138.18,Utilities,Positive,85.0,Low,0.0,0,0,0,0,-662.0500000000002,2020,10,0.15003178273837772,0.42380627773798946,1.235213239160402
2020-04-25,1313,4159.08,3558.11,0.15,2985.75,recession,605.0,0.21,474.77,896.42,8,1246.47,90,1,380.89,2468.66,Salary,1430.57,Dining Out,Positive,94.2,Low,600.97,0,0,0,0,600.9699999999998,2020,4,0.10704840491159631,0.693812164323194,0.8555041018686825
2019-09-28,1825,3270.53,3556.06,0.31,2727.97,recession,620.0,0.18,604.15,778.78,4,995.67,50,0,564.55,3401.18,Salary,1478.25,Insurance,Neutral,41.9,High,0.0,0,0,0,0,-285.52999999999975,2019,9,0.15875716382738198,0.9564461791983262,1.0873038926412537
2023-01-10,1177,3249.9,3808.7,0.1,2342.0,recession,813.0,0.38,762.35,258.92,7,958.25,82,0,971.66,2355.5,Salary,1432.23,Investments,Positive,91.3,High,0.0,0,0,0,0,-558.7999999999997,2023,1,0.2551159188174443,0.6184524903510384,1.1719437521154497
2019-07-30,1747,3546.98,3456.1,0.07,3220.98,recession,661.0,0.11,546.36,362.76,5,761.59,61,0,513.28,3206.74,Salary,1758.08,Education,Positive,59.6,High,90.88,0,0,0,0,90.88000000000011,2019,7,0.14851422123202454,0.9278493099158011,0.9743782034293963
2020-10-22,1061,5662.9,3656.95,0.29,3156.62,recession,757.0,0.33,560.17,335.75,5,1349.06,56,0,734.8,2726.2,Salary,538.42,Dining Out,Negative,70.9,Low,2005.95,0,0,0,0,2005.9499999999998,2020,10,0.20093247104827794,0.7454846251657802,0.6457733670027724
2023-08-08,1341,4895.09,2957.16,0.15,2389.18,recession,599.0,0.37,652.8,587.98,1,944.6,80,0,444.77,1998.58,Mixed,1203.17,Insurance,Negative,82.6,Medium,1937.93,0,0,0,0,1937.9300000000003,2023,8,0.15040444209985257,0.675844391240244,0.6041073810696024
2023-09-07,1442,4766.88,4324.96,0.12,3764.44,recession,586.0,0.33,519.27,141.16,7,532.95,87,0,629.11,2139.99,Freelance,1658.96,Healthcare,Neutral,36.2,Medium,441.92,0,0,0,0,441.9200000000001,2023,9,0.14546030483518924,0.4947999519070696,0.9072936595844662
2023-06-09,1415,3142.27,3718.34,0.05,2967.22,recession,691.0,0.52,840.2,270.62,6,1129.55,53,0,292.66,1947.45,Salary,356.25,Education,Positive,2.5,Low,0.0,0,0,0,0,-576.0700000000002,2023,6,0.07870716502525321,0.5237417772446844,1.1833292492370167
2022-05-15,1399,3557.06,4233.83,0.28,3190.36,recession,716.0,0.57,526.35,386.69,9,1396.77,55,0,671.6,3143.11,Salary,1598.93,Education,Neutral,66.0,High,0.0,0,0,0,0,-676.77,2022,5,0.15862705871515861,0.7423798310276983,1.190261058289711
2022-11-11,1695,3333.42,2866.01,0.28,3242.65,recession,656.0,0.45,764.27,0.0,4,1440.17,54,0,463.89,2456.95,Salary,1392.13,Healthcare,Positive,83.5,Low,467.41,0,0,0,0,467.40999999999985,2022,11,0.16185917006570108,0.8572719564830548,0.8597806457032118
2023-06-09,1066,4067.52,2794.36,0.08,2498.59,recession,695.0,0.24,486.25,345.76,9,1306.22,20,0,439.88,2369.63,Salary,1339.18,Dining Out,Positive,33.9,High,1273.16,0,0,0,0,1273.1599999999999,2023,6,0.15741708298143403,0.8480045520262243,0.6869935488946582
2020-12-21,1635,2330.7,3520.19,0.31,2233.94,recession,679.0,0.3,462.89,107.15,8,1328.5,79,0,418.68,3027.58,Freelance,1330.0,Utilities,Positive,26.3,High,0.0,0,0,0,0,-1189.4900000000002,2020,12,0.1189367619361455,0.860061530769646,1.5103574033552154
2023-07-09,1477,5578.55,2600.71,0.06,1942.39,recession,700.0,0.45,262.58,813.12,3,1379.9,74,0,473.79,2580.57,Freelance,1051.48,Healthcare,Negative,53.8,Medium,2977.84,1,0,0,0,2977.84,2023,7,0.18217717469460262,0.9922559608722235,0.4661982056269102
2022-12-11,1437,4735.2,4510.77,0.2,2734.84,recession,746.0,0.35,675.37,846.17,4,796.87,74,0,302.43,3122.57,Salary,1542.74,Entertainment,Positive,8.9,Low,224.43,0,0,0,0,224.42999999999938,2022,12,0.06704620275474031,0.6922476650327992,0.9526039026862647
2020-01-26,1884,2110.66,2707.86,0.24,1420.73,recession,647.0,0.32,331.5,563.48,6,1153.64,86,0,309.46,3236.23,Salary,790.3,Insurance,Positive,17.2,Medium,0.0,0,0,0,0,-597.2000000000003,2020,1,0.1142821268455533,1.195124563308295,1.2829446713350328
2020-08-23,1825,3677.49,2050.05,0.19,2571.56,recession,745.0,0.45,494.19,476.24,6,871.03,70,0,357.31,3564.66,Freelance,1174.83,Healthcare,Neutral,85.9,Medium,1627.44,0,0,0,0,1627.4399999999996,2020,8,0.17429330991927025,1.7388161264359403,0.5574590277607826
2021-12-16,1358,2973.34,4225.71,0.17,3276.93,recession,700.0,0.43,669.32,69.14,2,646.8,74,0,795.14,2676.45,Salary,1313.85,Healthcare,Neutral,90.3,Low,0.0,0,0,0,0,-1252.37,2021,12,0.1881671955718684,0.6333728533193238,1.4211997282517304
2022-11-11,1072,4602.11,4009.33,0.06,3575.51,recession,720.0,0.15,70.27,580.62,3,899.79,52,0,701.75,1253.46,Salary,1642.09,Entertainment,Positive,27.5,Medium,592.78,0,0,0,0,592.7799999999997,2022,11,0.17502924428769895,0.3126357770500308,0.8711938654225997
2023-05-10,1817,3773.88,3416.97,0.2,1749.92,recession,611.0,0.53,505.7,552.1,8,660.39,25,0,641.03,1581.61,Salary,1034.11,Utilities,Positive,90.0,Low,356.91,0,0,0,0,356.9100000000003,2023,5,0.18760188119883991,0.46286915015349855,0.9054262456675887
2022-03-16,1626,2642.03,3856.75,0.15,2694.91,recession,715.0,0.35,447.08,11.87,5,2286.29,50,0,361.38,2078.28,Salary,763.44,Transportation,Positive,32.8,Medium,0.0,0,0,0,0,-1214.7199999999998,2022,3,0.09370065469631166,0.5388682180592468,1.459767678641045
2022-03-16,1555,1858.09,4503.12,0.06,2782.8,recession,623.0,0.2,247.12,57.88,1,257.38,94,0,208.69,1739.83,Salary,1239.72,Transportation,Positive,42.3,Low,0.0,0,0,0,0,-2645.0299999999997,2022,3,0.046343424114835934,0.38636101192062394,2.4235209274039473
2020-10-22,1031,3731.11,1565.67,0.21,3027.27,recession,757.0,0.43,554.81,292.9,9,1509.93,38,0,370.22,2945.5,Salary,839.87,Transportation,Negative,66.1,Low,2165.44,0,0,0,0,2165.44,2020,10,0.23646106778567644,1.8813032120434063,0.4196257950047037
2021-05-20,1770,4092.78,2170.1,0.25,2732.78,recession,775.0,0.46,636.61,261.25,7,0.0,53,0,490.89,2090.77,Salary,1402.29,Entertainment,Neutral,0.5,High,1922.68,0,0,0,0,1922.6800000000003,2021,5,0.2262061656144878,0.9634440809179301,0.530226398682558
2023-08-08,1275,4335.66,3006.87,0.36,2935.92,recession,795.0,0.21,586.96,370.94,3,551.27,94,0,253.69,2878.82,Salary,1316.88,Rent,Positive,9.0,High,1328.79,0,0,0,0,1328.79,2023,8,0.08437012574537642,0.9574141881757443,0.6935207096497419
2019-06-30,1394,2544.3,4214.66,0.16,3077.87,recession,744.0,0.33,508.4,673.79,1,1584.47,68,0,416.13,2600.53,Salary,1034.32,Education,Positive,32.6,High,0.0,0,0,0,0,-1670.3599999999997,2019,6,0.09873394295150736,0.6170201155016064,1.6565106316079077
2023-08-08,1799,5678.31,1290.51,0.38,2190.38,recession,771.0,0.11,683.47,514.8,7,1266.86,42,0,434.06,1750.29,Salary,757.71,Utilities,Neutral,93.8,High,4387.8,1,0,0,0,4387.8,2023,8,0.3363476455044905,1.3562777506567172,0.22727008564167858
2021-02-19,1308,4131.52,2820.09,0.17,2691.94,recession,743.0,0.57,589.25,674.28,1,1052.45,28,0,364.41,1593.82,Salary,1819.51,Entertainment,Positive,19.9,Low,1311.43,0,0,0,0,1311.4300000000003,2021,2,0.12921928023573717,0.5651663599388671,0.6825792928510572
2019-12-27,1515,4263.13,1756.35,0.38,3083.67,recession,649.0,0.39,366.24,1028.15,4,662.02,53,0,540.5,2241.85,Salary,1591.51,Investments,Positive,66.0,Medium,2506.78,0,0,0,0,2506.78,2019,12,0.3077404845275714,1.2764255416061718,0.4119860290443875
2021-08-18,1574,4579.54,3547.0,0.3,3373.76,recession,691.0,0.3,831.01,244.38,3,1549.16,46,0,435.2,2027.21,Salary,1346.36,Groceries,Positive,86.9,Low,1032.54,0,0,0,0,1032.54,2021,8,0.1226952354102058,0.5715280518748238,0.7745319398891591
2022-01-15,1117,4224.96,2896.18,0.23,3389.0,recession,590.0,0.39,478.88,113.33,4,632.33,93,0,748.45,1618.49,Salary,647.79,Dining Out,Positive,13.9,Low,1328.78,0,0,0,0,1328.7800000000002,2022,1,0.2584266171301508,0.5588361220642364,0.6854928804059683
2021-06-19,1557,4776.26,4119.67,0.07,2743.44,recession,766.0,0.32,582.46,849.42,4,1349.01,34,0,479.1,2033.45,Salary,776.98,Entertainment,Positive,19.8,Low,656.59,0,0,0,0,656.5900000000001,2021,6,0.11629572271565441,0.4935953607934616,0.8625305155079497
2021-09-17,1474,1698.62,4505.31,0.07,2409.78,recession,674.0,0.17,188.68,19.9,2,1061.41,53,0,524.4,1250.95,Mixed,1208.95,Dining Out,Positive,26.2,Medium,0.0,0,0,0,0,-2806.6900000000005,2021,9,0.11639598606977099,0.27766124861552255,2.652335425227538
2021-07-19,1147,3350.17,2928.87,0.11,3896.14,recession,668.0,0.53,439.65,190.19,3,577.15,81,0,694.9,1749.04,Salary,646.77,Investments,Neutral,63.6,Low,421.3,0,0,0,0,421.3000000000002,2021,7,0.2372587380115881,0.5971722882886574,0.8742451875576462
2023-04-10,1535,4920.86,2915.83,0.33,2621.29,recession,749.0,0.29,304.05,215.04,3,0.0,21,0,772.19,1090.99,Salary,1050.71,Insurance,Positive,74.7,High,2005.03,0,0,0,0,2005.0299999999997,2023,4,0.2648268246091165,0.37416104505406694,0.5925447990798357
2019-05-01,1799,3614.14,3876.57,0.27,3259.97,recession,648.0,0.2,503.12,797.97,9,967.62,91,0,738.36,1151.84,Salary,952.5,Insurance,Neutral,89.4,Medium,0.0,0,0,0,0,-262.4300000000003,2019,5,0.19046734613330857,0.2971286472319602,1.072612018350147
2020-04-25,1891,3379.5,3878.12,0.12,2734.71,recession,616.0,0.58,215.77,402.27,4,669.03,80,0,552.46,2799.78,Salary,1095.54,Education,Neutral,13.1,Medium,0.0,0,0,0,0,-498.6199999999999,2020,4,0.14245562282755564,0.7219425907398431,1.1475425358780884
2023-05-10,1595,2529.91,3380.55,0.27,2887.55,recession,740.0,0.25,456.37,212.81,5,1502.16,91,0,614.82,1520.28,Mixed,1522.67,Education,Positive,72.9,Medium,0.0,0,0,0,0,-850.6400000000003,2023,5,0.18186981408350714,0.4497138039668101,1.336233304742066
2021-01-20,1953,4042.72,3485.08,0.32,2916.12,recession,708.0,0.15,579.36,440.4,4,710.16,84,0,511.6,2203.96,Salary,1315.0,Insurance,Neutral,74.6,Medium,557.64,0,0,0,0,557.6399999999999,2021,1,0.14679720408139843,0.6323986823831877,0.8620631653935964
2021-05-20,1988,2569.01,3005.39,0.33,3074.57,recession,633.0,0.34,544.4,179.75,4,1045.05,56,0,201.06,2195.44,Salary,1352.61,Dining Out,Positive,65.5,High,0.0,0,0,0,0,-436.37999999999965,2021,5,0.06689980335330856,0.7305008667760258,1.1698630990147953
2023-10-07,1196,2813.46,3690.77,0.08,2403.04,recession,735.0,0.13,663.07,195.56,4,1054.55,71,0,287.52,1366.33,Salary,763.96,Transportation,Positive,54.3,Medium,0.0,0,0,0,0,-877.31,2023,10,0.07790244312162502,0.37020188199210463,1.3118260078337705
2021-07-19,1465,4842.11,4915.78,0.13,4056.42,recession,725.0,0.16,326.09,251.54,9,599.78,33,1,488.9,2870.97,Mixed,949.0,Groceries,Positive,44.6,Low,0.0,0,0,0,0,-73.67000000000007,2021,7,0.09945522378951052,0.5840314253282287,1.0152144416380462
2021-12-16,1246,2418.36,3419.83,0.06,2168.44,recession,732.0,0.39,567.08,247.48,3,691.26,61,0,430.75,2242.03,Salary,636.46,Investments,Positive,61.6,Medium,0.0,0,0,0,0,-1001.4699999999998,2021,12,0.12595655339592904,0.6555969156361574,1.414111215865297
2022-06-14,1484,3969.53,4137.86,0.2,2581.55,recession,637.0,0.52,421.39,729.71,7,979.68,85,0,618.81,3444.24,Salary,1333.51,Dining Out,Positive,48.2,Medium,0.0,0,0,0,0,-168.32999999999947,2022,6,0.14954831724611273,0.8323722890576288,1.0424055240796768
2020-06-24,1250,3511.52,3264.87,0.3,2937.08,recession,665.0,0.27,37.48,696.03,2,1044.62,22,0,752.48,2461.02,Freelance,658.9,Healthcare,Positive,31.2,Low,246.65,0,0,0,0,246.6500000000001,2020,6,0.23047778318891718,0.7537880528168044,0.9297597621542807
2022-10-12,1052,2401.62,3662.26,0.2,3215.26,recession,648.0,0.57,647.5,920.38,6,1620.24,53,1,567.3,1856.06,Mixed,1150.76,Healthcare,Negative,43.0,High,0.0,0,0,0,0,-1260.6400000000003,2022,10,0.15490434868086916,0.5068072720123639,1.5249123508298568
2023-03-11,1987,4800.06,1963.21,0.18,2162.12,recession,687.0,0.4,718.61,379.88,9,1871.68,34,0,666.42,2345.66,Salary,1529.69,Insurance,Positive,98.3,Low,2836.85,1,0,0,0,2836.8500000000004,2023,3,0.33945426113355165,1.1948085024016788,0.4089969708711974
2020-12-21,1278,3666.66,3711.48,0.19,2365.41,recession,669.0,0.57,181.24,0.0,5,1330.03,58,0,874.35,1910.88,Salary,1513.23,Groceries,Neutral,62.6,Low,0.0,0,0,0,0,-44.820000000000164,2020,12,0.23557987649131884,0.5148566070678005,1.0122236585884703
2019-01-01,1833,5779.01,3841.64,0.26,3175.8,recession,771.0,0.58,707.67,194.65,6,1744.2,34,0,775.79,2857.63,Salary,1665.34,Insurance,Positive,62.0,High,1937.37,0,0,0,0,1937.3700000000003,2019,1,0.20194239960017077,0.7438567903291303,0.6647574584574174
2021-08-18,1340,3152.62,2691.53,0.18,2305.21,recession,658.0,0.13,538.89,150.15,6,1311.7,26,0,829.27,3246.94,Freelance,904.15,Entertainment,Negative,78.2,High,461.09,0,0,0,0,461.0899999999997,2021,8,0.3081035693453166,1.206354749900614,0.8537438701778205
2021-11-16,1869,4451.58,2430.48,0.13,3152.31,recession,826.0,0.2,600.37,799.51,3,1704.66,45,0,456.41,2881.27,Salary,1268.71,Healthcare,Positive,45.9,Medium,2021.1,0,0,0,0,2021.1,2021,11,0.18778595174615714,1.1854736512952173,0.5459814268192417
2022-07-14,1047,3530.64,2391.78,0.39,3044.65,recession,706.0,0.17,278.87,154.1,8,1476.66,30,0,557.45,1014.29,Salary,803.78,Entertainment,Positive,10.8,Medium,1138.86,0,0,0,0,1138.8599999999997,2022,7,0.23306909498365233,0.42407328433217095,0.6774352525321189
2022-12-11,1959,4272.22,3129.66,0.09,2256.99,recession,675.0,0.52,600.79,297.99,7,588.72,71,0,392.68,1334.51,Salary,1050.93,Entertainment,Positive,86.9,High,1142.56,0,0,0,0,1142.5600000000004,2022,12,0.12547049839279667,0.42640734137254527,0.7325605891082387
2019-09-28,1226,2315.79,2489.11,0.27,2498.29,recession,735.0,0.29,590.73,0.0,9,764.82,88,0,397.97,2406.22,Salary,1465.42,Utilities,Positive,14.1,Low,0.0,0,0,0,0,-173.32000000000016,2019,9,0.15988445669335627,0.9666989405851889,1.0748427102630205
2020-08-23,1660,5423.3,1573.17,0.25,2987.38,recession,616.0,0.32,812.67,378.59,7,1348.09,77,1,466.81,2284.49,Freelance,1245.95,Rent,Negative,9.6,Medium,3850.13,1,0,0,0,3850.13,2020,8,0.2967320759994152,1.4521571095304384,0.2900761528958383
2021-03-21,1114,5496.62,3475.36,0.28,3069.8,recession,724.0,0.4,738.8,651.85,2,1993.44,37,0,586.42,2355.69,Salary,828.69,Education,Positive,31.5,Low,2021.26,0,0,0,0,2021.2599999999998,2021,3,0.16873647622116844,0.6778261820358179,0.6322721963679498
2023-02-09,1296,3498.12,2721.36,0.16,3446.86,recession,745.0,0.44,793.11,424.08,5,975.63,86,0,641.96,2528.08,Salary,1303.82,Dining Out,Positive,63.1,Low,776.76,0,0,0,0,776.7599999999998,2023,2,0.23589675750360115,0.9289766881265249,0.7779492984803267
2022-02-14,1538,3019.64,3008.0,0.19,2585.22,recession,701.0,0.13,565.46,231.14,1,1600.26,26,0,630.0,2303.98,Freelance,1485.58,Entertainment,Negative,99.5,High,11.64,0,0,0,0,11.639999999999873,2022,2,0.20944148936170212,0.7659507978723404,0.9961452358559298
2023-06-09,1020,5407.44,4930.48,0.37,3287.49,recession,663.0,0.49,523.72,142.87,2,1709.57,71,0,483.69,2394.04,Salary,564.47,Groceries,Positive,40.9,High,476.96,0,0,0,0,476.96000000000004,2023,6,0.09810201035193329,0.4855592153299476,0.9117956001361087
2019-06-30,1553,2931.65,2637.11,0.32,2703.08,recession,675.0,0.34,698.65,538.68,8,762.03,76,0,562.91,2834.94,Salary,1752.25,Education,Neutral,97.6,Low,294.54,0,0,0,0,294.53999999999996,2019,6,0.21345715575004454,1.0750177277398363,0.8995309808469634
2022-07-14,1550,3275.11,3754.08,0.38,1802.11,recession,711.0,0.41,393.83,233.59,8,804.64,59,0,474.3,1856.35,Freelance,1065.33,Investments,Negative,59.8,Low,0.0,0,0,0,0,-478.9699999999998,2022,7,0.12634253931722286,0.4944886630013212,1.1462454696178144
2019-09-28,1702,2981.02,1794.53,0.25,2942.05,recession,722.0,0.37,790.68,813.49,9,2026.73,49,0,267.46,2625.12,Salary,1491.65,Investments,Neutral,13.7,High,1186.49,0,0,0,0,1186.49,2019,9,0.14904181039046435,1.4628454247073048,0.6019852265332001
2023-06-09,1035,4539.13,2054.24,0.28,2903.91,recession,722.0,0.37,234.02,200.67,3,961.32,91,0,271.68,2101.08,Salary,1373.14,Education,Negative,41.5,Low,2484.89,0,0,0,0,2484.8900000000003,2023,6,0.1322532907547317,1.0228016200638679,0.45256249545617766
2021-11-16,1424,3406.61,1878.88,0.22,2730.24,recession,722.0,0.38,413.46,718.11,3,771.6,91,0,630.54,2218.15,Salary,1505.23,Healthcare,Positive,79.4,Low,1527.73,0,0,0,0,1527.73,2021,11,0.3355935450906923,1.1805703397768883,0.55153950701724
2022-04-15,1064,3680.05,4142.07,0.22,2513.04,recession,718.0,0.28,671.9,536.57,8,1391.83,61,0,552.86,2082.58,Salary,832.71,Transportation,Neutral,18.2,Low,0.0,0,0,0,0,-462.0199999999995,2022,4,0.13347432563911282,0.5027872537161371,1.125547207239032
2019-05-01,1682,3977.34,2827.05,0.14,2761.8,recession,716.0,0.27,558.88,470.95,5,1598.92,97,0,597.85,1372.83,Freelance,1406.41,Rent,Neutral,10.1,Low,1150.29,0,0,0,0,1150.29,2019,5,0.211474858951911,0.4856051360959303,0.7107891203668784
2020-05-25,1619,3910.25,2312.95,0.31,2256.79,recession,710.0,0.54,592.73,324.49,8,1198.11,91,0,417.42,3314.53,Salary,1528.43,Dining Out,Positive,76.4,Medium,1597.3,0,0,0,0,1597.3000000000002,2020,5,0.18047082729847166,1.43303141010398,0.5915094942778594
2022-10-12,1563,4973.72,3652.49,0.31,2820.11,recession,649.0,0.12,561.6,447.26,2,2082.93,94,0,372.59,2231.07,Salary,1664.58,Transportation,Positive,62.5,Low,1321.23,0,0,0,0,1321.2300000000005,2022,10,0.1020098617655353,0.6108353479407199,0.7343577845154129
2019-01-01,1352,4559.39,2823.23,0.2,2840.67,recession,724.0,0.27,581.49,156.21,8,2388.6,52,0,66.84,1151.96,Salary,1157.39,Healthcare,Positive,11.1,Medium,1736.16,0,0,0,0,1736.1600000000003,2019,1,0.023675010537575758,0.4080291014192963,0.6192122191784427
2021-01-20,1280,4168.25,2175.41,0.2,2758.64,recession,654.0,0.54,396.52,606.66,9,353.3,74,0,416.75,2300.51,Salary,1417.37,Education,Positive,99.7,Low,1992.84,0,0,0,0,1992.8400000000001,2021,1,0.19157308277520102,1.0575064010922082,0.5219000779703712
2019-05-01,1203,2774.04,3265.47,0.26,3025.18,recession,722.0,0.4,749.97,231.8,6,1264.35,28,0,0.0,2114.77,Freelance,300.0,Entertainment,Positive,38.1,High,0.0,0,0,0,0,-491.42999999999984,2019,5,0.0,0.6476158102815215,1.1771531773153956
2019-11-27,1784,2669.1,2938.03,0.07,3185.65,recession,752.0,0.35,543.29,266.77,1,566.61,86,0,398.49,3643.11,Mixed,1377.98,Utilities,Positive,87.9,Medium,0.0,0,0,0,0,-268.9300000000003,2019,11,0.135631698791367,1.2399839348134634,1.1007568094114122
2021-12-16,1794,5273.97,2583.11,0.16,3373.36,recession,602.0,0.44,426.18,621.56,7,898.01,71,0,547.92,2573.98,Salary,1370.0,Transportation,Positive,72.8,Medium,2690.86,0,0,0,0,2690.86,2021,12,0.2121164023212329,0.9964655008884639,0.48978473521844074
2022-03-16,1373,5903.16,3950.83,0.07,3177.92,recession,729.0,0.28,473.94,154.62,2,861.84,58,0,415.01,2607.33,Salary,961.07,Education,Neutral,12.5,Low,1952.33,0,0,0,0,1952.33,2022,3,0.10504375030056975,0.6599448723432798,0.6692737449095061
2022-03-16,1237,4806.25,2769.27,0.19,3270.08,recession,649.0,0.44,475.72,542.84,2,430.11,69,0,661.63,1839.33,Salary,1267.28,Transportation,Positive,21.6,Low,2036.98,0,0,0,0,2036.98,2022,3,0.23891855976484777,0.6641930905978832,0.5761810143042913
2022-06-14,1329,4218.27,820.0,0.35,2965.9,recession,734.0,0.12,810.22,494.32,2,908.43,44,0,494.03,2016.34,Salary,1659.82,Rent,Positive,53.5,Medium,3398.27,1,0,1,0,3398.2700000000004,2022,6,0.6024756097560975,2.458951219512195,0.19439248791566208
2023-05-10,1236,3926.44,2339.91,0.34,3052.81,recession,618.0,0.47,221.04,499.32,7,385.63,32,0,403.51,2459.95,Mixed,495.0,Groceries,Positive,50.3,Low,1586.53,0,0,0,0,1586.5300000000002,2023,5,0.1724468035095367,1.0513011184190846,0.5959367773351941
2019-08-29,1856,3839.81,3850.24,0.39,3066.87,recession,738.0,0.37,36.38,269.63,2,1677.24,89,0,434.05,1000.0,Salary,1415.55,Dining Out,Neutral,24.5,High,0.0,0,0,0,0,-10.429999999999836,2019,8,0.11273323221409576,0.2597240691489362,1.0027162802326157
2021-01-20,1994,4597.41,3524.85,0.38,2786.29,recession,720.0,0.41,137.21,480.19,1,373.12,38,0,661.53,1490.51,Freelance,1428.58,Insurance,Negative,10.1,Low,1072.56,0,0,0,0,1072.56,2021,1,0.18767607132218392,0.42285771025717406,0.7667034264944828
2020-07-24,1023,5855.6,4442.22,0.27,2154.22,recession,656.0,0.17,308.5,48.33,3,1645.94,39,0,475.13,2031.58,Salary,1580.39,Dining Out,Neutral,73.6,Low,1413.38,0,0,0,0,1413.38,2020,7,0.10695778237007622,0.45733439586513047,0.7586276384998976
2020-06-24,1068,2030.17,3011.2,0.33,2429.85,recession,732.0,0.13,208.77,266.76,8,1413.98,20,0,574.5,1056.51,Salary,737.96,Utilities,Neutral,81.3,Low,0.0,0,0,0,0,-981.0299999999997,2020,6,0.19078772582359194,0.35086012221041446,1.4832255426885432
2023-01-10,1189,3817.12,2275.46,0.3,3407.94,recession,663.0,0.31,663.54,753.28,4,1090.75,36,0,373.78,1668.66,Salary,330.13,Healthcare,Neutral,27.3,Low,1541.66,0,0,0,0,1541.6599999999999,2023,1,0.1642656869380257,0.7333286456364867,0.5961195875424404
2020-03-26,1593,5499.2,1964.02,0.11,2143.61,recession,698.0,0.51,621.69,275.75,2,773.32,87,0,184.18,2671.26,Salary,1483.48,Investments,Positive,44.9,High,3535.18,1,0,0,0,3535.18,2020,3,0.09377704911355282,1.3600981660064562,0.3571464940354961
2022-03-16,1029,3933.14,2949.17,0.3,2529.63,recession,706.0,0.35,558.03,718.47,3,942.69,45,0,171.36,1517.5,Salary,684.91,Insurance,Positive,7.2,Medium,983.97,0,0,0,0,983.9699999999998,2022,3,0.05810448363437849,0.5145515517925382,0.7498258388971661
2022-12-11,1912,3316.71,3070.05,0.34,3329.33,recession,631.0,0.57,712.89,631.7,4,1392.2,69,0,444.09,2139.53,Salary,1282.22,Dining Out,Neutral,41.3,Low,246.66,0,0,0,0,246.65999999999985,2022,12,0.14465236722528949,0.6969039592189052,0.9256311224074459
2022-06-14,1177,5721.48,3148.92,0.4,2747.68,recession,732.0,0.6,906.09,386.99,1,756.11,73,0,541.63,1483.51,Salary,1815.94,Utilities,Positive,46.2,High,2572.56,0,0,0,0,2572.5599999999995,2022,6,0.17200500489056564,0.4711170814120397,0.550368086578997
2022-01-15,1880,2884.27,3415.61,0.2,2739.26,recession,631.0,0.19,672.31,394.98,8,696.64,55,0,476.4,1632.41,Salary,1299.85,Entertainment,Positive,10.2,High,0.0,0,0,0,0,-531.3400000000001,2022,1,0.13947728224241057,0.4779263440498183,1.1842199239322255
2021-02-19,1305,5119.62,2825.89,0.21,2178.57,recession,701.0,0.21,609.7,711.62,2,1477.3,97,0,788.11,2791.94,Mixed,1838.38,Groceries,Neutral,27.5,High,2293.73,1,0,0,0,2293.73,2021,2,0.27888912873466415,0.9879860857995181,0.5519726073419512
